precinct,yes1,no1,yes2,no2,yes3,no3,yes4,no4,yes5,no5,yes6,no6,yes7,no7,yes8,no8,yes9,no9,yes10,no10,yes11,no11,yes12,no12,yes13,no13,yes14,no14,yes15,no15,yes16,no16,yes17,no17,yes18,no18,yes.dance,no.dance
1,142,62,145,58,138,66,137,63,129,72,118,70,121,74,94,96,99,77,96,74,151,38,152,52,148,54,94,103,73,123,57,136,58,139,49,136,25,176
2,149,41,148,41,144,40,141,39,141,42,120,47,138,35,100,65,104,56,100,62,138,35,136,45,134,45,85,97,48,125,34,138,36,135,29,137,24,153
3,113,39,114,35,110,41,111,40,95,55,98,47,106,46,66,69,68,56,70,57,118,20,109,41,105,43,91,61,55,89,52,87,60,90,37,106,26,116
4,54,18,53,22,55,17,53,18,48,25,46,23,43,27,34,31,46,23,41,27,59,9,58,16,57,16,37,34,34,35,22,47,23,50,17,55,5,61
5,95,39,100,34,96,39,95,36,80,47,86,41,80,53,59,61,76,55,69,55,112,17,88,50,83,52,66,67,40,96,46,87,51,87,28,100,6,128
6,136,51,135,50,137,46,136,48,112,66,120,65,101,84,62,112,112,57,105,69,170,18,152,42,143,45,102,88,70,116,51,133,57,131,35,145,17,168
7,187,42,181,43,182,42,179,43,166,55,152,64,124,97,82,130,148,57,140,63,196,16,179,44,173,49,105,122,90,133,53,170,60,163,40,173,11,232
8,142,149,133,57,141,43,136,46,120,62,113,56,86,99,59,119,121,63,101,62,171,15,158,37,152,42,119,71,95,93,56,126,60,123,47,117,9,174
9,90,49,87,50,95,33,88,48,81,55,80,52,75,60,53,70,63,58,75,49,116,17,121,24,117,28,91,49,78,55,51,80,53,82,47,86,34,97
10,105,51,101,48,109,36,100,48,94,55,88,46,102,47,77,61,72,48,76,57,114,28,105,51,96,58,90,36,66,72,53,76,52,81,52,78,36,94
11,60,32,65,29,59,34,57,37,64,38,51,40,61,31,47,45,39,44,41,36,69,13,65,23,66,24,55,33,40,48,40,50,38,55,32,58,23,51
12,80,46,81,43,81,40,79,40,75,41,73,36,91,31,70,41,53,41,49,47,79,28,84,37,81,38,57,62,44,68,40,82,42,81,37,84,41,64
13,16,10,14,11,17,8,15,9,16,8,15,8,15,10,11,10,12,7,9,8,9,8,15,6,15,5,7,14,8,11,7,12,9,11,6,12,9,11
14,69,48,70,49,67,50,69,46,65,53,65,47,74,41,60,53,42,57,38,52,68,36,79,44,72,52,50,67,42,71,47,74,49,70,33,80,39,57
15,93,72,93,72,97,69,91,69,87,73,72,51,94,71,69,65,54,59,56,75,109,38,114,56,108,59,105,57,75,82,69,67,72,66,58,70,55,106
16,89,43,87,45,88,45,88,43,86,46,81,45,82,46,64,57,68,50,66,46,102,21,92,36,92,35,68,62,51,70,43,85,49,78,40,85,26,95
17,83,55,85,55,86,52,86,51,83,54,75,56,91,50,56,74,64,58,62,57,109,25,102,44,99,44,84,63,63,71,51,82,58,85,39,88,23,118
18,85,31,80,35,84,30,77,37,77,34,69,41,78,31,62,40,47,40,45,38,68,20,78,27,77,31,57,48,36,68,36,72,35,70,27,74,25,78
19,73,55,74,53,71,57,68,58,64,60,57,64,68,56,50,75,54,63,49,65,102,21,84,49,79,50,88,44,65,65,58,66,61,70,55,71,36,86
20,86,63,82,63,83,63,83,62,80,69,66,76,79,67,52,85,58,78,57,67,128,22,117,41,112,47,94,64,72,78,70,80,76,74,63,82,37,114
21,85,43,82,45,85,43,85,42,77,42,80,39,94,33,77,45,39,58,39,56,79,31,87,37,78,41,57,67,52,68,42,76,48,78,38,80,37,67
22,61,54,63,49,61,51,60,52,56,55,52,60,67,44,54,54,28,71,24,75,75,33,77,44,67,51,56,56,49,67,43,70,49,69,37,76,36,78
23,55,35,51,35,57,34,51,36,51,36,49,34,64,24,49,37,36,43,27,43,65,17,80,12,76,14,51,40,42,43,35,51,43,48,34,50,25,58
24,47,10,45,9,46,10,48,9,48,8,43,4,44,7,41,6,21,7,18,18,27,14,34,19,26,23,14,34,14,36,11,25,9,32,6,35,21,22
25,105,60,106,57,103,61,106,55,96,65,88,76,126,38,79,76,59,84,54,77,100,41,129,36,119,44,78,82,77,79,72,82,76,84,65,90,45,97
26,44,13,43,14,41,16,42,13,44,12,41,16,50,7,38,14,19,24,15,25,27,15,33,20,29,27,17,32,15,33,15,34,15,33,10,37,15,24
27,135,48,129,48,129,43,130,46,123,48,112,49,144,34,124,44,75,72,72,69,102,48,113,57,108,57,48,123,60,98,50,110,40,123,37,129,74,81
28,52,16,51,16,50,17,30,18,51,16,49,15,58,11,47,11,25,13,12,29,28,21,34,32,34,33,21,39,17,38,12,39,14,45,13,44,32,24
29,33,38,34,34,32,37,31,38,29,40,30,39,45,26,32,34,23,37,21,38,44,26,56,18,50,22,40,33,39,33,36,37,42,33,35,40,33,33
30,30,25,27,27,26,26,28,25,28,26,24,28,41,14,21,30,13,30,13,32,38,9,38,18,31,23,29,20,25,24,20,30,24,24,21,31,18,29
31,27,38,22,42,22,42,27,37,26,35,15,19,38,27,15,38,9,33,17,42,52,16,48,19,44,25,43,23,38,26,36,13,41,15,24,15,11,36
32,40,13,38,15,39,15,37,16,38,15,31,20,43,10,36,15,25,22,18,26,32,16,34,20,31,23,27,24,19,32,13,36,15,43,18,36,16,23
33,51,25,50,26,49,26,47,26,48,27,40,26,61,16,35,27,28,28,35,30,50,17,63,14,54,23,36,36,32,36,21,39,29,38,23,39,30,33
34,32,1,33,1,33,1,34,1,33,1,32,2,34,1,30,2,19,12,18,9,19,11,16,16,17,16,7,27,5,26,2,27,1,28,1,27,9,21
35,43,17,44,15,42,17,40,18,37,21,34,22,41,17,32,22,26,21,28,20,37,14,36,21,32,25,23,30,19,33,14,40,12,44,13,44,12,39
36,68,35,78,30,70,30,68,34,66,34,59,37,81,21,55,42,44,44,39,44,72,24,78,27,71,35,57,45,45,55,33,66,43,63,29,66,29,60
37,42,27,39,30,39,32,32,34,31,33,34,32,49,18,33,30,24,34,20,38,43,18,49,16,44,19,42,21,34,30,30,33,30,36,28,34,27,29
38,91,56,88,59,88,58,93,53,85,59,85,60,105,45,71,62,71,59,63,62,122,21,124,26,114,32,91,53,74,71,67,78,64,80,61,78,32,97
39,36,28,33,31,34,30,36,28,31,32,32,35,46,18,31,22,24,23,27,29,43,12,46,16,41,20,41,20,29,29,26,25,22,30,23,28,19,39
40,19,27,18,26,18,27,18,25,17,26,17,23,25,18,15,20,13,21,15,25,36,10,36,14,36,14,34,15,23,22,20,17,24,15,21,23,18,29
41,21,8,21,8,22,7,19,9,18,10,18,6,23,7,15,16,13,9,13,9,33,1,34,4,23,5,15,13,13,13,9,17,8,17,5,14,12,14
42,7,10,7,10,10,10,10,9,8,10,10,8,15,4,9,7,7,7,6,6,17,1,18,2,18,3,14,8,16,6,16,5,15,7,13,8,15,5
43,13,24,14,22,14,22,12,24,14,23,14,21,18,20,12,23,11,17,15,17,33,2,31,4,31,5,25,11,25,15,20,16,24,13,21,15,15,23
44,27,21,29,19,27,20,26,22,25,23,19,23,29,16,15,25,22,22,23,17,40,6,41,9,38,10,33,12,30,14,23,18,26,15,24,17,23,20
45,9,8,9,7,9,7,8,7,9,7,7,8,10,7,7,8,6,9,5,7,16,2,16,3,13,6,12,6,12,8,11,8,9,10,10,9,7,10
46,27,24,25,26,27,24,27,23,27,24,22,24,38,11,20,23,12,30,16,27,34,15,40,10,39,9,29,21,21,27,21,27,20,28,19,28,18,27
47,67,27,69,28,67,26,69,30,61,30,55,33,66,28,43,37,46,26,60,21,80,8,85,17,82,15,58,35,36,54,30,57,26,65,27,59,29,64
48,86,24,62,48,70,41,70,40,69,42,49,46,76,37,50,49,51,46,59,41,96,16,99,16,97,15,85,32,62,48,47,56,41,64,40,59,41,76
49,91,38,90,38,91,38,82,40,80,43,71,41,92,32,63,48,67,41,75,39,112,11,112,21,104,25,88,37,60,57,43,63,41,71,42,67,41,76
50,73,18,73,17,73,15,71,17,81,18,70,21,69,22,58,30,62,19,56,17,69,12,83,12,80,13,53,43,35,56,25,61,22,69,22,55,22,65
51,45,24,43,25,45,23,42,26,39,27,37,29,47,24,28,37,32,28,33,26,61,7,59,10,58,10,51,22,42,28,36,36,31,38,35,35,21,42
52,50,30,24,31,51,29,45,28,46,30,41,34,45,32,33,41,42,32,49,27,23,5,78,6,75,6,57,26,48,30,34,42,34,45,36,40,17,60
53,73,40,74,43,79,33,73,36,70,41,55,32,68,43,40,36,55,33,59,43,87,12,97,15,95,17,77,30,53,56,39,52,40,44,37,46,26,85
54,76,49,68,50,69,49,72,46,71,49,64,48,58,57,45,65,56,51,60,27,104,17,106,25,104,23,84,38,63,58,45,71,53,69,45,66,27,83
55,42,27,42,25,43,26,45,24,41,24,33,30,40,29,27,37,38,25,37,27,58,8,61,9,58,10,49,20,24,41,21,47,23,44,25,38,7,54
56,75,36,70,42,67,39,69,41,61,48,57,51,70,41,45,55,51,50,59,39,95,18,94,24,92,25,89,29,61,50,51,57,48,57,46,58,27,73
57,84,61,82,63,83,61,82,63,77,65,73,63,90,55,57,71,60,59,60,61,115,21,113,37,106,42,101,46,72,66,56,80,63,84,52,92,33,98
58,79,37,76,32,75,35,76,34,70,41,64,44,73,35,55,46,50,42,47,50,82,26,80,36,82,32,72,45,55,60,45,63,45,74,38,64,32,70
59,37,30,35,31,34,33,32,34,31,35,28,23,38,29,28,24,20,22,12,35,47,19,52,24,50,25,43,30,40,33,35,23,36,28,34,28,28,35
60,81,30,79,32,79,33,79,32,76,34,67,38,82,32,61,46,52,45,56,43,87,21,93,26,88,26,65,49,44,68,39,67,38,68,36,66,38,61
61,71,33,62,42,68,35,67,36,60,42,59,38,63,42,47,49,50,44,46,45,77,18,73,30,66,37,63,34,48,48,39,58,34,63,37,58,20,70
62,80,41,74,45,83,37,82,35,80,42,79,40,76,41,59,52,72,37,68,44,102,19,105,22,102,24,84,44,55,68,39,77,40,79,33,75,11,104
63,68,43,69,40,69,39,69,40,70,40,59,45,80,30,54,43,51,38,49,44,96,15,90,31,88,31,72,42,59,54,43,67,50,65,48,58,37,68
64,30,23,31,22,30,22,34,19,31,21,26,25,32,21,23,24,17,26,15,28,37,12,35,19,36,19,28,26,24,30,23,31,23,28,23,30,16,27
65,69,21,64,22,67,21,67,21,64,23,59,25,65,23,54,30,44,29,39,30,55,19,72,25,63,26,45,40,26,58,19,65,22,63,21,61,36,34
66,41,38,40,37,40,36,40,37,36,39,33,40,48,28,31,42,32,41,31,39,70,8,61,17,58,17,55,23,32,42,31,43,36,43,30,47,18,55
67,60,42,61,39,60,40,56,42,57,40,49,42,66,33,46,50,48,47,56,33,80,16,90,14,86,17,69,30,52,45,41,56,25,60,36,55,21,72
68,43,32,42,34,46,31,41,34,41,33,39,35,54,25,32,40,29,37,29,33,59,14,69,14,68,16,53,28,42,33,40,38,39,35,35,44,29,47
69,38,23,42,20,41,22,40,23,41,22,40,21,41,20,31,29,30,24,31,26,49,12,46,21,45,20,45,20,28,34,18,42,19,45,15,42,15,49
70,61,14,62,13,64,12,65,12,60,15,55,13,54,20,38,27,54,19,53,17,64,9,55,20,51,19,50,22,19,54,14,60,14,63,10,58,13,58
71,76,33,71,37,74,32,75,34,66,37,67,34,68,39,49,48,62,37,72,28,95,10,100,16,89,21,81,30,53,54,37,65,35,69,34,70,19,86
72,65,48,61,48,62,45,59,47,63,47,52,39,55,53,38,33,56,31,58,41,93,17,84,29,83,31,69,40,57,47,35,60,30,41,39,53,19,83
73,62,67,67,67,65,64,58,68,54,72,53,67,49,74,31,85,55,60,60,59,123,10,111,24,113,22,115,19,84,45,66,63,64,68,65,58,22,92
74,83,56,79,60,88,50,82,56,82,55,72,60,73,61,45,75,60,65,64,62,122,15,119,28,111,33,106,35,77,66,70,73,77,72,78,33,97,32
75,92,50,88,53,95,47,93,47,91,52,79,55,88,57,45,83,74,48,82,46,136,6,120,26,114,30,99,45,64,77,37,101,46,97,43,87,15,107
76,69,38,67,39,64,42,64,41,60,46,51,51,67,37,45,52,48,46,43,49,75,25,84,27,85,24,68,40,47,59,40,63,40,67,34,69,29,62
77,87,36,87,35,84,39,80,39,77,43,77,42,90,31,69,43,62,47,61,43,96,10,96,27,94,25,78,35,45,67,34,77,39,82,35,79,25,84
78,77,41,77,42,73,45,76,42,72,45,67,47,84,33,63,47,55,50,51,56,91,24,88,31,80,39,70,50,49,66,51,68,50,73,40,73,21,86
79,64,41,65,38,66,39,60,40,57,46,47,48,61,41,38,53,51,41,57,38,99,6,84,21,86,18,87,24,64,40,48,56,52,52,46,55,20,81
80,71,46,66,49,73,44,67,47,66,46,56,55,67,42,35,75,61,49,62,44,95,15,86,30,86,30,77,36,63,51,45,67,40,77,38,74,16,89
81,19,8,18,10,19,9,19,8,20,8,14,11,17,9,13,8,13,7,17,8,25,2,27,1,26,2,24,5,16,11,10,11,10,11,10,12,10,18
82,51,20,47,23,47,22,47,21,45,23,40,21,48,19,62,20,39,18,37,25,55,11,67,4,62,8,41,27,28,42,21,42,23,39,24,37,13,54
83,111,22,111,22,106,26,110,23,101,29,93,30,111,20,86,36,66,32,71,28,89,18,104,24,97,27,68,56,44,81,26,92,29,91,25,91,49,74
84,125,47,128,43,127,41,122,43,117,46,108,50,125,38,90,70,96,52,89,51,144,17,145,28,131,38,111,66,73,88,51,119,54,121,50,110,22,140
85,55,40,55,41,52,40,54,41,49,43,49,41,53,34,41,47,44,45,39,45,79,14,78,19,76,20,74,24,49,44,37,54,38,55,37,54,16,69
86,82,55,82,51,79,54,79,53,78,56,74,58,96,42,68,58,56,66,62,60,111,19,115,27,109,33,100,45,68,67,61,73,60,79,57,72,26,103
87,22,20,23,20,20,21,22,21,21,21,20,21,25,20,20,23,21,22,27,15,44,1,38,7,37,8,34,12,21,24,24,23,24,23,22,22,11,28
88,43,54,57,38,51,45,43,53,44,48,40,48,59,41,29,59,38,45,45,42,78,24,81,23,79,24,68,36,51,46,43,53,48,52,42,53,11,90
89,53,52,57,48,58,45,59,45,56,47,47,48,53,47,26,67,46,44,56,37,92,8,81,22,80,23,77,25,58,38,47,53,43,55,55,49,16,75
90,42,46,46,43,48,42,43,45,39,47,36,47,50,39,21,63,34,48,37,43,82,13,75,22,77,21,66,29,64,28,47,41,49,40,40,44,22,64
91,74,70,66,75,77,75,70,72,63,75,67,60,55,89,34,98,70,57,72,55,139,7,136,12,128,16,103,45,84,60,68,77,68,77,67,62,26,108
92,131,94,122,104,139,87,128,97,117,108,109,99,119,102,79,128,103,94,109,90,180,32,187,45,181,49,152,71,112,110,89,133,102,124,100,124,43,165
93,79,37,76,40,81,34,81,34,73,39,63,41,68,43,59,49,59,42,56,43,85,21,87,29,81,35,61,53,39,69,28,77,30,83,28,78,21,89
94,117,21,114,22,114,23,111,22,108,27,93,37,111,24,99,30,61,38,56,37,76,23,100,38,90,45,55,78,33,97,26,99,31,102,19,106,45,83
95,106,43,107,44,101,46,103,46,102,46,90,46,103,41,70,65,69,50,76,45,111,16,115,30,105,36,90,50,55,80,40,94,42,93,37,94,26,105
96,36,14,29,20,37,14,37,12,32,18,28,21,35,16,24,25,30,17,30,16,41,7,44,9,45,8,30,22,21,27,16,34,17,33,16,29,10,41
97,52,52,47,58,56,49,46,58,48,58,33,62,38,66,17,79,51,51,50,51,108,7,94,20,94,14,20,90,24,79,37,52,58,55,53,59,48,5
98,30,64,31,61,33,62,27,66,30,64,28,62,34,62,15,74,36,55,33,55,94,10,91,9,89,11,82,19,77,19,59,38,60,39,68,29,19,79
99,47,58,47,57,49,52,45,56,43,59,33,66,54,49,26,67,33,58,44,54,92,11,88,17,84,21,76,29,65,38,57,39,55,44,52,48,11,90
100,74,17,45,16,73,16,72,18,73,16,69,17,74,16,55,25,51,24,36,34,29,21,62,23,58,25,25,57,21,60,13,68,14,72,12,71,17,51
101,101,45,108,38,110,36,103,43,106,36,110,31,111,29,94,42,72,45,67,48,96,35,103,43,100,43,59,86,43,99,35,106,30,106,26,106,28,94
102,116,57,117,54,113,54,109,59,106,62,104,65,114,56,69,83,87,65,91,64,142,21,134,40,125,45,96,76,72,96,58,101,61,101,53,106,29,131
103,70,29,68,32,70,33,69,31,67,33,62,34,74,31,54,42,55,28,54,31,75,19,79,25,72,29,54,50,35,66,27,63,34,62,27,66,13,81
104,80,47,78,50,88,45,84,43,86,41,71,51,75,51,52,60,79,42,72,46,121,2,93,32,94,35,84,46,65,62,48,75,50,75,45,73,9,106
105,80,21,75,26,77,23,78,24,71,28,67,31,70,29,52,44,74,23,71,23,94,7,80,22,76,25,67,38,42,59,22,80,25,78,28,69,7,93
106,111,63,107,70,107,65,101,70,97,72,91,74,100,65,71,92,86,70,72,75,134,29,137,41,134,38,100,75,82,90,61,101,76,102,64,104,20,147
107,110,35,107,38,114,39,98,47,89,48,89,49,110,45,85,56,91,42,83,47,112,18,124,23,117,24,98,56,59,81,44,92,63,80,40,97,21,119
108,66,60,64,62,71,55,65,60,63,61,62,59,58,63,44,59,60,59,57,63,117,10,114,15,110,18,93,42,68,63,67,64,60,72,61,64,20,101
109,85,39,85,37,92,30,85,38,77,44,75,41,70,50,52,66,62,54,55,51,92,23,98,25,98,23,75,49,48,71,33,78,30,88,29,82,16,101
110,82,26,79,29,78,29,71,31,71,35,72,31,72,36,35,55,64,39,67,33,93,7,87,19,95,18,71,40,51,52,38,68,38,72,33,69,11,91
111,38,17,33,22,34,20,37,18,33,21,33,19,33,22,23,28,28,18,33,15,47,3,44,11,42,12,26,28,25,26,16,31,14,34,16,32,11,39
112,53,17,49,20,54,16,51,19,50,21,49,16,49,18,43,22,31,24,26,26,36,19,47,16,43,19,25,39,16,48,18,49,12,54,11,54,17,37
113,96,20,98,19,99,18,95,19,90,24,86,27,96,16,70,38,65,31,63,30,89,13,95,22,91,24,52,64,29,75,35,75,29,81,23,83,27,81
114,84,49,83,47,84,48,84,49,73,58,68,58,90,43,55,65,79,45,75,48,108,21,110,27,111,26,75,62,56,74,49,82,48,78,48,75,26,90
115,156,61,160,54,164,52,162,51,151,63,128,66,166,49,105,84,122,69,129,59,192,19,185,28,182,31,112,107,76,138,67,148,62,153,48,152,28,170
116,50,27,51,26,52,24,52,24,49,26,45,26,49,25,30,39,37,31,38,30,69,7,66,11,61,13,48,30,40,35,30,42,31,44,24,46,7,66
117,68,36,71,35,76,29,71,33,70,33,61,37,68,36,31,61,70,29,58,43,103,6,98,14,98,14,72,41,57,53,35,69,44,63,41,59,21,85
118,68,82,72,77,72,77,66,82,60,87,65,83,79,70,34,106,56,86,79,50,153,9,146,19,140,20,143,29,115,50,96,69,98,69,97,64,26,21
119,97,127,96,128,99,119,88,128,86,139,90,123,108,114,41,168,86,127,89,127,209,26,195,40,192,43,179,60,152,81,134,99,133,99,117,91,28,179
120,77,88,73,91,85,82,81,84,80,82,71,88,85,79,40,104,80,80,78,81,153,17,134,29,135,33,126,46,114,61,77,88,83,85,86,79,21,129
121,19,16,18,17,19,16,21,15,18,17,19,15,18,17,7,21,16,16,14,20,31,6,30,7,30,6,32,3,24,14,23,15,22,16,19,17,8,28
122,26,44,24,44,27,43,28,40,29,40,24,42,31,39,13,53,29,41,17,38,63,9,66,7,62,10,58,14,49,25,39,33,41,31,38,33,10,63
123,33,27,22,38,28,29,29,29,23,37,28,30,28,31,12,46,33,27,30,29,54,6,54,8,55,8,51,11,44,19,30,34,34,29,33,30,11,48
124,68,56,64,60,71,54,68,53,60,62,49,65,68,51,38,72,48,64,64,50,127,8,110,22,104,28,89,44,91,42,65,65,62,62,64,58,18,112
125,39,54,40,54,39,55,35,60,39,55,37,55,38,55,23,68,43,52,46,43,84,13,85,14,82,17,75,25,70,26,53,43,60,36,62,33,21,66
126,49,29,48,29,46,31,46,32,43,32,40,33,45,31,15,58,48,20,48,20,72,10,65,18,64,20,55,26,36,42,31,49,32,52,35,45,14,63
127,50,102,56,98,65,89,60,94,54,101,52,101,54,94,22,122,65,82,64,92,148,14,137,29,128,34,144,22,113,47,85,78,98,63,98,54,22,120
128,46,23,46,22,45,24,44,23,43,25,41,24,42,24,38,28,33,21,10,22,51,9,53,13,56,12,33,37,21,46,22,42,23,41,20,45,16,60
129,53,16,53,15,55,12,53,12,52,14,51,13,47,19,48,15,37,15,35,14,41,16,51,14,49,16,27,41,15,51,12,54,12,55,10,54,12,40
130,34,10,33,11,31,12,33,12,32,11,30,11,30,12,23,15,17,11,20,12,30,4,30,10,26,13,19,23,13,27,13,27,12,29,9,32,12,20
131,24,25,26,23,26,22,25,23,26,23,20,25,29,22,18,27,22,22,25,21,41,9,39,15,39,16,36,13,20,28,21,26,19,26,20,26,9,31
132,54,23,58,19,53,24,50,23,48,28,47,27,51,24,39,32,45,22,43,24,54,16,54,24,46,28,44,29,29,44,26,41,19,55,25,49,15,53
133,69,34,69,33,70,33,66,38,63,39,54,43,63,40,46,51,50,38,47,42,78,16,77,24,75,24,68,42,47,55,34,63,32,65,32,62,24,69
134,55,17,52,20,46,23,46,22,46,24,46,24,43,25,31,30,32,25,32,29,55,14,52,20,50,22,44,29,27,46,23,46,23,47,18,46,12,53
135,35,81,35,78,38,75,34,79,31,78,32,75,41,73,17,91,36,72,37,65,110,9,90,33,91,32,105,20,82,34,73,45,71,46,71,38,24,81
136,46,34,42,40,47,35,41,41,40,42,42,36,31,50,21,56,56,19,45,25,77,7,68,14,67,15,54,31,51,32,31,52,36,47,33,45,4,78
137,72,41,72,37,73,37,72,36,73,37,67,41,69,42,52,53,64,36,59,35,96,11,100,16,94,20,66,44,44,60,36,66,41,72,36,61,25,75
138,17,26,17,26,18,25,18,25,18,24,18,24,22,22,16,25,14,27,13,27,44,9,45,9,45,9,40,13,39,13,38,16,35,18,32,19,21,27
139,32,27,33,26,35,25,30,29,31,28,28,28,34,24,21,32,28,22,29,25,56,6,52,12,47,14,48,14,34,27,26,39,27,35,29,33,10,47
140,55,54,58,53,57,54,57,50,57,46,59,49,60,47,48,52,42,53,49,48,69,23,83,15,83,23,66,44,50,59,40,65,51,63,35,62,25,66
141,53,37,53,37,51,38,51,38,51,38,49,39,61,30,38,46,40,42,46,34,82,8,85,11,81,14,69,28,51,39,49,44,52,41,43,46,35,43
142,79,45,83,38,84,37,79,42,77,42,77,38,81,36,49,65,70,42,70,42,118,13,106,24,104,27,87,44,57,71,47,81,46,83,42,83,12,114
143,44,23,40,26,39,23,40,24,37,27,33,27,43,24,28,30,28,29,29,29,56,15,48,28,47,27,45,31,35,37,28,40,34,37,27,40,12,56
144,57,42,59,36,60,40,58,40,53,38,54,38,58,30,35,59,52,39,50,40,90,8,74,22,74,26,74,26,38,57,29,63,37,58,36,54,18,76
145,21,28,24,23,27,21,22,23,23,24,21,26,29,17,14,31,22,23,26,17,33,7,40,9,37,12,33,14,25,22,21,27,19,27,22,25,5,40
146,80,47,76,48,81,46,73,54,72,54,64,57,72,53,42,76,55,64,73,46,119,10,109,21,108,23,86,44,71,57,56,68,50,77,47,67,11,116
147,42,49,39,48,37,52,31,56,37,54,32,53,41,48,11,72,27,58,30,58,78,12,65,26,64,25,69,19,50,40,51,36,46,42,49,37,9,71
148,50,49,49,49,51,49,50,49,47,51,45,50,47,52,34,59,49,49,51,44,89,10,82,18,81,18,75,25,53,43,50,51,46,54,44,53,16,73
149,68,48,68,52,72,49,67,50,67,52,60,51,74,42,43,62,55,50,58,49,110,10,107,15,108,15,84,38,64,57,54,70,51,67,53,61,19,88
150,82,61,82,62,89,56,85,56,77,61,67,64,91,48,53,74,58,62,70,58,128,12,106,30,96,38,93,47,79,60,58,75,59,81,59,74,31,102
151,45,90,40,94,45,90,46,88,48,87,42,92,39,95,22,112,48,79,47,86,131,13,32,13,127,17,122,21,98,44,86,53,89,52,86,53,23,103
152,32,29,31,31,39,22,32,29,31,29,31,27,34,29,9,42,32,25,38,23,62,5,58,10,56,10,48,21,38,29,31,33,33,32,33,31,5,57
153,26,68,28,66,36,56,31,64,26,65,29,62,31,61,14,73,31,55,37,51,93,7,87,16,87,16,86,14,73,20,56,41,61,35,57,40,18,67
154,50,50,56,44,53,48,53,48,49,51,47,50,57,42,35,54,39,55,49,40,79,17,76,24,75,25,66,35,54,48,55,46,49,52,43,50,14,83
155,34,45,31,45,41,38,35,41,36,40,25,31,40,37,20,35,34,33,30,46,73,10,65,19,62,19,64,21,47,34,42,30,41,37,36,24,10,65
156,38,18,38,18,39,18,37,20,36,19,31,20,35,19,28,21,34,16,29,23,44,8,37,21,36,21,27,30,25,28,19,31,21,33,16,31,10,41
157,39,46,41,45,40,45,42,45,41,42,42,43,47,40,22,57,40,45,46,41,93,2,90,5,90,7,77,18,60,34,55,40,59,39,50,41,10,69
158,49,46,48,47,49,45,43,51,49,47,43,51,56,43,27,62,50,44,44,38,86,12,80,26,79,26,74,28,62,40,55,45,60,41,52,48,22,70
159,28,22,27,21,27,21,28,21,25,24,29,20,30,18,25,23,22,24,21,21,30,16,32,17,32,18,31,18,20,26,23,26,21,28,17,29,9,39
160,29,47,31,44,28,46,30,44,30,44,30,45,31,43,25,49,19,46,22,42,68,9,63,17,59,20,57,25,48,31,47,35,52,29,42,36,22,46
161,61,28,60,26,60,27,58,29,59,27,56,29,55,31,41,35,50,26,55,28,76,12,72,20,69,21,62,31,35,54,30,54,30,55,30,57,24,59
162,35,49,40,42,37,44,39,41,38,46,39,42,39,39,29,48,32,41,26,48,70,11,63,24,61,24,53,29,40,38,39,40,38,47,36,43,19,54
163,25,39,29,36,28,33,26,36,23,38,20,40,28,35,20,39,24,34,20,37,59,2,55,9,54,11,48,19,46,21,43,23,43,22,41,24,11,47
164,39,52,41,52,40,50,38,54,37,54,34,55,34,55,17,73,38,49,40,47,83,11,75,20,71,23,85,9,56,36,42,49,48,43,44,45,18,70
165,37,51,28,58,40,47,36,49,28,57,33,52,26,56,12,70,36,49,41,44,90,2,86,6,81,9,77,17,62,30,47,42,61,29,52,37,18,66
166,33,40,32,41,31,42,30,42,29,45,31,39,32,42,23,48,29,40,36,30,71,8,57,21,56,21,54,25,53,24,42,30,41,35,40,34,12,56
167,39,24,34,26,35,28,35,27,33,30,30,32,31,31,17,39,30,30,30,26,57,9,50,18,48,17,49,19,34,32,31,38,29,40,32,35,9,60
168,41,49,41,47,38,50,41,49,36,53,34,53,29,48,31,53,34,49,27,61,75,23,67,30,61,35,66,31,52,45,49,43,51,45,40,51,13,74
169,56,51,62,43,58,47,53,52,54,51,55,44,69,36,37,58,41,51,52,52,93,12,80,23,81,23,78,33,52,56,46,52,40,59,39,59,15,75
170,25,34,27,32,27,32,21,32,24,32,22,31,31,26,15,38,24,30,32,23,51,9,52,10,53,11,51,15,38,24,30,32,32,29,26,30,12,47
171,53,46,59,39,63,36,51,48,51,48,50,45,54,44,43,49,50,38,53,40,84,14,89,15,89,15,80,21,55,47,47,52,49,52,44,54,12,69
172,34,34,36,32,35,34,35,33,32,36,30,36,37,33,18,44,26,41,28,34,67,11,58,19,55,19,61,16,43,34,40,38,43,32,38,36,17,46
173,43,48,42,47,44,48,38,55,41,50,35,52,44,48,23,60,33,50,42,38,82,8,78,21,72,23,77,20,58,32,50,42,48,47,43,41,12,82
174,47,70,41,75,47,68,47,68,47,68,41,71,50,63,25,82,39,68,53,54,112,10,109,10,109,11,98,24,84,37,65,46,70,48,69,43,18,81
175,34,41,34,40,36,39,33,41,34,40,34,37,25,45,21,49,30,39,34,32,65,10,63,13,64,14,53,25,48,27,42,36,39,37,38,33,15,53
176,38,40,35,42,36,39,38,37,35,40,31,40,41,33,26,45,33,35,48,27,72,4,69,8,66,11,52,24,44,29,36,36,38,32,37,33,18,56
177,44,28,45,27,45,27,45,27,42,29,46,29,40,29,25,41,37,33,37,32,67,10,73,10,73,10,44,31,41,33,31,43,36,40,32,38,13,55
178,77,54,78,52,80,51,77,51,73,57,67,53,68,55,55,67,61,53,57,55,101,16,102,19,97,27,79,48,53,66,46,72,53,76,46,72,23,98
179,77,37,78,38,78,37,80,34,68,43,63,48,77,34,53,51,61,39,64,35,100,8,91,23,85,25,75,43,55,52,46,62,39,67,44,60,19,89
180,20,7,19,7,21,6,20,6,20,6,18,5,21,4,18,5,16,8,14,6,19,3,20,4,19,4,15,10,9,13,5,16,4,16,5,15,4,18
181,19,19,20,19,21,19,22,18,19,19,20,17,23,16,11,19,16,18,18,15,35,6,35,8,36,7,27,16,21,19,24,18,25,17,20,19,8,27
182,46,28,52,22,45,30,46,22,46,27,40,30,54,17,33,35,31,24,33,22,55,14,58,16,54,17,43,34,29,45,24,42,29,50,21,55,19,43
183,21,14,21,14,20,14,19,13,17,11,19,14,17,15,17,14,19,14,12,16,26,15,26,17,25,19,22,20,20,24,17,25,22,23,17,26,14,22
184,53,17,52,17,50,16,50,15,43,21,39,20,45,23,34,27,38,23,39,21,55,11,50,22,45,25,30,39,16,52,13,55,15,55,10,54,19,41
185,43,22,42,22,39,28,41,21,35,28,31,30,44,18,22,32,39,24,39,20,51,13,52,15,53,15,40,29,22,38,18,49,15,46,17,44,4,60
186,65,36,64,34,64,34,63,36,63,35,57,39,59,33,48,44,58,32,56,40,86,11,73,27,69,35,60,37,45,53,41,55,37,63,36,58,10,78
187,37,56,38,55,32,58,35,57,30,59,30,57,40,49,25,60,27,57,29,53,72,23,71,29,70,32,68,32,59,39,46,50,51,44,47,51,21,63
188,76,52,87,41,87,43,77,47,75,49,66,53,70,59,56,65,59,58,59,55,100,22,98,34,94,39,75,57,54,81,49,86,47,87,40,84,18,120
189,67,45,64,43,71,40,67,43,63,46,46,57,66,43,40,67,52,51,52,56,92,15,87,27,83,32,73,43,53,56,46,65,40,71,35,67,12,102
190,47,46,52,43,50,45,44,52,44,48,34,56,47,44,35,52,37,44,32,47,68,16,68,29,63,30,60,36,38,56,37,52,37,55,34,53,22,56
191,63,33,62,33,60,35,57,38,57,36,56,33,62,33,38,44,46,36,44,37,80,10,65,26,64,27,55,33,40,48,32,55,34,55,30,55,14,78
192,15,9,13,10,12,10,13,10,12,11,14,8,18,5,10,8,10,8,2,11,19,3,21,3,20,3,13,7,9,12,10,15,11,12,11,19,6,15
193,45,50,45,51,48,45,49,47,48,48,39,49,44,50,32,56,41,47,46,43,89,4,75,21,74,21,84,17,49,41,47,45,45,48,42,50,13,77
194,44,38,45,38,48,31,42,36,43,35,38,41,47,35,35,42,35,44,26,42,49,26,48,34,46,34,44,33,22,54,23,53,25,56,18,57,10,61
195,43,39,47,36,48,33,44,36,42,37,39,42,42,41,29,53,34,38,42,35,67,14,68,17,57,25,49,36,32,46,32,50,37,49,34,47,13,57
196,91,63,88,66,87,67,89,63,87,64,81,66,98,55,67,69,70,66,68,66,119,24,119,32,118,35,101,53,70,74,64,84,64,84,56,89,26,106
197,41,14,41,14,42,12,43,10,43,11,43,9,48,6,33,17,37,14,41,9,45,4,46,7,47,5,31,21,16,36,10,41,12,42,8,39,4,44
198,46,47,44,48,46,46,40,50,38,51,33,47,48,41,25,55,32,48,39,40,79,11,75,18,68,21,61,29,51,37,43,42,46,37,38,45,25,62
199,109,83,109,81,108,84,80,88,99,88,98,84,109,76,76,94,94,89,105,79,160,18,155,35,140,42,125,46,89,97,74,107,82,100,70,102,32,143
200,77,27,77,25,75,26,75,26,66,33,63,35,66,33,45,48,59,31,55,33,77,17,87,18,86,20,59,41,48,51,36,63,35,73,35,64,14,91
201,54,33,52,31,48,37,46,37,48,34,35,40,55,27,28,44,39,40,42,37,75,11,70,19,65,21,69,21,43,46,33,45,37,48,30,49,24,58
202,18,24,20,22,17,25,21,23,19,24,19,23,35,9,17,25,16,26,19,22,42,8,41,8,40,8,36,12,31,18,27,19,30,17,25,23,10,36
203,70,49,65,53,70,48,67,50,61,52,57,55,64,53,45,66,62,53,66,49,114,13,104,22,101,21,89,36,73,49,58,60,64,61,60,54,21,89
204,28,7,28,7,26,9,28,7,28,7,19,13,18,17,17,17,18,12,15,12,18,10,21,12,21,13,11,22,9,24,3,27,5,24,4,25,6,18
205,38,31,45,23,40,29,41,28,36,32,34,32,39,29,34,30,26,30,31,25,50,11,53,17,49,19,42,30,32,35,27,39,27,41,22,43,18,43
206,38,28,38,27,37,30,37,28,37,30,34,28,43,25,25,34,31,30,33,29,62,7,57,13,56,12,51,19,36,32,33,34,32,37,32,34,14,49
207,60,53,63,47,60,53,63,53,55,57,52,60,70,46,41,75,48,56,60,51,99,19,99,31,97,34,84,46,64,61,63,62,69,65,55,71,30,91
208,59,52,65,47,61,49,61,51,56,56,53,53,58,48,37,63,46,50,48,50,90,16,74,35,69,39,87,20,54,56,46,57,48,57,42,61,24,73
209,43,41,45,41,47,42,42,43,41,43,39,41,55,32,31,49,32,49,33,44,73,17,66,28,62,30,58,34,54,39,50,40,51,40,42,46,35,46
210,37,45,36,43,42,40,40,38,39,36,40,38,49,29,25,49,30,38,29,40,61,15,52,27,45,30,55,26,45,32,39,38,52,32,36,40,13,58
211,44,43,42,45,40,40,41,45,36,49,34,47,46,43,26,59,30,46,33,45,75,13,75,23,70,26,66,27,46,42,51,36,61,34,43,40,14,68
212,48,56,49,57,50,54,50,56,49,52,45,57,59,46,39,65,45,58,46,51,93,16,78,36,76,38,76,40,58,53,53,54,66,52,48,58,27,75
213,35,33,33,33,35,30,36,31,32,32,34,27,31,37,21,34,28,34,33,26,62,7,56,11,50,19,42,28,32,33,30,29,27,32,21,29,15,51
214,40,26,42,24,39,27,38,28,32,33,26,33,38,24,22,36,22,31,33,30,49,14,55,17,49,20,39,33,30,38,24,39,28,37,21,40,15,53
215,37,15,37,14,38,14,37,15,36,16,32,15,34,18,29,13,28,13,15,29,38,11,36,19,34,21,33,16,21,31,15,32,14,31,16,32,14,36
216,34,32,33,33,33,34,33,34,31,36,30,34,42,26,24,41,19,40,23,36,48,14,45,25,42,15,47,22,38,28,38,29,34,37,33,34,18,31
217,63,23,61,23,60,20,58,23,55,24,51,28,65,13,49,24,36,35,29,34,44,24,40,44,38,47,37,44,16,58,14,63,18,60,15,64,24,52
218,57,53,55,56,53,56,52,57,53,54,49,56,62,47,48,51,33,53,30,55,83,24,80,30,78,34,67,46,64,47,58,49,54,56,54,54,34,59
219,31,35,33,33,31,34,32,34,28,34,27,35,40,26,28,36,25,33,24,34,46,15,56,14,52,16,37,32,38,29,30,38,30,39,27,38,25,34
220,43,46,43,45,44,44,45,43,45,44,44,42,55,33,35,50,33,46,32,44,71,12,74,15,65,23,60,33,46,47,48,47,50,44,42,50,29,60
221,64,15,62,17,61,17,62,16,62,17,54,24,66,16,51,24,44,21,38,25,52,18,58,24,57,25,34,43,23,50,20,57,18,61,18,60,26,43
222,55,28,57,26,56,15,54,29,55,27,47,34,46,34,42,36,24,34,22,31,52,16,46,30,43,31,31,51,26,52,25,49,28,45,28,43,16,59
223,54,22,54,23,53,22,52,22,49,24,44,25,51,24,44,26,35,25,32,25,47,14,52,20,51,19,35,35,28,40,19,51,21,51,19,49,19,51
224,47,15,49,13,49,12,48,12,49,10,43,14,50,11,35,23,37,16,33,16,39,19,33,27,31,28,25,34,14,48,12,48,13,48,14,46,14,45
225,85,27,84,27,81,30,81,30,75,35,71,34,83,26,68,35,42,51,51,40,73,16,81,23,73,26,46,56,41,57,28,68,24,75,26,67,30,62
226,77,72,73,24,76,20,72,23,69,27,67,32,71,24,60,27,52,31,42,40,53,31,60,41,61,33,46,44,24,63,22,67,19,74,14,71,18,71
227,61,12,54,17,61,15,53,16,54,17,50,18,56,13,57,15,31,20,19,27,28,24,49,20,44,25,20,45,12,53,15,50,12,56,11,55,26,31
228,69,4,68,6,65,7,66,5,59,13,49,22,67,5,57,11,39,18,27,21,33,17,52,19,48,21,18,50,11,48,9,57,7,61,10,59,23,39
229,69,21,70,19,69,21,67,20,64,23,68,24,69,18,61,25,43,34,32,38,46,24,47,39,47,39,34,49,24,61,25,60,26,64,18,69,29,44
230,45,11,43,12,43,12,44,10,42,13,37,8,43,9,35,13,19,18,15,21,27,11,32,18,32,15,20,24,16,28,9,34,7,35,6,33,10,32
231,29,12,31,9,32,9,28,13,29,12,26,13,31,11,26,13,15,17,11,20,24,7,31,10,31,10,14,25,12,28,14,27,12,29,10,30,19,16
232,34,9,35,6,35,8,35,8,36,8,36,14,28,12,17,20,11,21,13,20,22,17,20,19,18,23,13,26,17,21,13,22,12,28,14,21,12,17
233,56,11,55,12,58,11,56,10,56,11,48,15,60,6,40,19,40,13,30,18,36,16,49,16,43,21,26,30,15,41,11,48,11,48,10,50,17,39
234,87,24,90,22,90,21,84,25,80,26,69,32,89,19,74,32,47,34,40,39,57,25,68,32,65,29,32,74,23,81,23,81,31,80,22,85,34,62
235,58,17,58,16,59,15,57,16,54,19,52,19,58,15,48,20,30,23,23,27,38,18,42,26,38,30,28,36,15,49,13,53,13,56,11,55,25,36
236,40,9,42,7,40,7,36,9,34,11,37,11,40,6,35,12,20,14,17,16,23,12,28,14,30,13,17,29,13,32,11,31,11,30,12,31,16,28
237,61,10,57,12,56,14,58,13,55,14,53,11,58,9,47,13,36,17,34,20,38,17,50,17,44,19,27,38,14,50,8,52,11,53,5,51,16,37
238,50,14,50,16,49,14,49,16,45,18,39,20,49,17,39,21,21,29,24,31,32,19,43,21,38,23,21,44,21,34,14,46,19,40,15,40,22,35
239,44,25,46,24,46,24,44,23,40,26,41,27,41,25,41,30,29,34,25,33,42,23,44,24,40,26,30,35,19,47,24,50,26,49,20,47,21,47
240,54,6,57,6,51,9,51,8,51,8,44,11,53,7,43,15,34,16,28,15,37,14,36,21,36,22,19,33,12,41,9,44,13,47,8,43,16,33
241,48,18,45,18,44,20,48,16,42,18,40,18,43,16,39,17,25,20,23,17,36,10,43,17,42,20,25,36,21,36,16,42,14,44,15,42,21,35
242,71,24,70,25,69,24,73,21,69,25,66,27,74,19,67,21,44,28,36,35,45,29,59,34,49,40,22,63,18,67,13,77,14,76,11,80,25,48
243,43,16,43,18,41,18,41,20,36,25,36,21,42,15,32,21,21,24,19,19,39,5,49,10,45,13,24,33,19,36,19,40,16,39,14,42,14,38
244,56,18,61,17,59,17,49,15,58,17,48,21,63,11,45,17,25,23,28,25,44,20,43,35,40,33,43,32,32,41,14,43,15,49,13,49,25,38
245,54,13,55,13,53,13,55,13,52,15,46,19,53,13,46,14,32,18,24,29,38,17,33,34,31,34,23,39,14,52,12,52,15,52,11,52,17,45
246,36,23,38,21,38,19,37,21,39,19,29,28,44,15,31,23,22,32,19,38,36,25,30,33,30,33,33,28,17,41,23,37,18,42,16,39,19,36
247,40,18,37,19,37,21,36,19,34,19,31,25,36,15,27,26,27,23,27,22,47,14,52,13,48,16,42,22,26,36,25,36,25,39,23,38,8,48
248,85,22,82,23,83,23,82,22,79,25,74,27,87,17,73,28,66,31,52,32,63,28,81,29,70,34,49,50,35,64,21,79,23,79,20,74,21,74
249,34,14,34,14,36,13,34,13,34,14,32,14,36,11,33,11,24,13,23,18,36,8,35,14,33,14,33,13,18,29,14,31,13,34,14,32,14,29
250,35,38,35,37,33,37,31,37,31,40,28,37,40,25,27,34,28,32,29,35,54,17,54,23,49,27,41,32,34,38,26,40,30,39,27,42,23,41
251,42,27,41,28,44,24,41,28,41,27,37,25,42,21,35,29,31,33,28,30,45,19,46,22,41,27,35,30,26,39,23,41,25,38,17,45,25,31
252,65,30,57,29,58,29,55,29,60,25,51,3,68,29,52,37,45,37,53,32,75,17,73,25,70,21,67,28,43,47,40,48,38,47,33,61,25,37
253,41,33,41,32,41,34,40,32,40,33,33,23,51,21,25,20,30,27,31,36,54,13,50,25,45,28,44,31,38,38,29,35,28,34,27,34,20,45
254,54,27,53,26,54,26,54,25,50,30,48,32,59,23,42,37,40,34,32,34,56,19,66,21,62,25,43,42,35,48,31,56,42,48,27,57,21,51
255,54,22,55,20,52,21,53,20,51,22,45,22,61,14,43,26,34,25,31,27,56,12,53,23,48,25,38,39,23,42,24,48,24,53,18,51,12,48
256,49,25,53,20,52,21,47,25,44,24,46,25,53,19,41,23,33,27,27,33,54,13,58,20,51,23,38,39,36,34,20,49,23,48,17,51,20,45
257,52,24,49,24,48,24,47,28,49,27,42,31,55,21,42,26,41,26,30,33,38,27,34,40,38,37,33,40,20,47,11,61,13,58,9,60,21,39
258,16,19,16,19,16,19,16,19,15,19,13,18,20,15,11,19,14,19,16,18,29,8,30,8,30,7,22,15,20,17,16,20,17,18,16,19,9,24
259,26,23,27,23,29,21,29,21,23,23,24,24,37,14,23,24,15,27,19,24,40,10,39,12,37,15,32,22,24,29,23,28,21,29,21,30,15,34
260,26,9,26,9,25,8,27,8,23,12,22,11,26,7,22,13,16,12,13,13,23,3,31,5,27,5,17,17,12,19,10,25,10,27,9,28,7,24
261,61,31,61,31,62,29,60,30,58,33,59,29,65,23,55,30,55,34,54,28,73,15,82,15,81,12,56,35,33,53,31,58,30,58,25,32,16,64
262,41,30,43,27,43,29,41,29,40,31,41,18,40,29,25,38,30,32,30,31,46,15,49,20,45,24,39,35,22,47,28,42,28,41,27,43,24,45
263,50,33,54,33,52,31,51,32,50,35,46,35,56,28,30,48,27,46,34,43,67,13,74,16,71,16,53,34,37,45,41,43,40,47,35,46,15,55
264,91,51,90,52,95,49,92,49,88,48,84,55,100,39,69,72,79,53,75,53,122,18,120,23,116,31,92,52,61,80,56,81,56,90,49,88,41,101
265,44,27,42,26,44,25,42,27,42,27,40,27,40,27,31,39,43,25,37,26,61,8,69,2,67,4,56,15,36,31,23,48,25,47,25,42,13,56
266,13,5,13,5,13,5,13,5,13,5,11,6,15,3,9,5,7,8,7,10,12,4,15,3,15,3,11,6,10,7,4,10,6,11,5,11,4,11
267,66,25,65,23,65,22,62,22,63,22,61,25,67,18,51,29,45,29,43,31,68,14,76,16,69,19,57,37,38,51,31,59,29,61,25,64,21,61
268,73,31,68,35,66,37,71,33,65,37,59,39,76,26,50,47,42,45,43,40,68,21,81,19,77,21,58,37,36,59,38,61,42,61,32,63,28,59
269,59,20,57,20,65,15,59,19,58,21,56,18,66,9,44,28,38,27,32,30,43,21,54,26,51,28,36,41,22,52,20,56,27,49,20,56,24,40
270,56,18,58,17,56,19,57,17,56,18,55,19,58,16,52,18,30,31,24,32,35,25,49,21,47,23,34,35,16,53,14,54,15,54,15,54,25,41
271,39,25,40,23,41,22,40,22,42,21,36,21,45,15,36,22,31,21,25,25,35,20,44,16,45,17,35,28,21,36,19,37,16,42,15,43,11,41
272,57,17,54,18,54,19,57,16,55,16,53,16,56,13,42,21,26,27,24,30,42,20,54,19,53,20,34,37,25,38,18,48,21,49,15,53,20,44
273,62,20,65,18,63,19,64,18,62,20,60,20,66,13,56,16,39,21,27,26,36,24,53,26,51,27,32,45,21,52,14,61,13,65,10,62,30,31
274,42,15,41,15,43,15,41,14,42,14,39,16,41,17,34,17,27,23,21,23,36,12,40,11,38,12,24,27,20,31,18,36,19,33,17,36,7,35
275,53,19,55,16,52,18,52,19,52,18,43,22,50,17,40,28,27,33,31,29,47,20,41,29,36,32,27,40,23,45,23,49,29,46,20,42,20,37
276,32,13,30,14,28,15,27,13,29,17,25,15,35,11,26,18,24,15,19,21,33,6,39,5,35,6,29,11,25,17,17,22,18,23,14,27,12,29
277,47,17,44,19,47,16,47,17,44,19,38,22,41,20,57,24,34,22,31,22,45,16,50,17,46,17,37,27,25,35,20,43,22,42,16,43,12,35
278,66,28,66,27,63,27,65,26,59,31,49,42,58,16,43,47,56,29,53,34,82,11,63,30,63,31,52,45,27,67,22,65,22,75,21,70,9,77
279,27,12,28,11,30,9,31,8,28,11,25,13,24,14,20,15,28,9,19,14,25,8,29,9,25,13,18,20,14,24,11,30,14,29,10,27,4,19
280,17,17,15,15,19,13,17,14,14,14,16,9,16,12,15,13,20,7,15,12,44,6,20,11,20,11,18,14,14,10,10,18,17,13,12,13,7,12
281,4,5,3,4,6,3,5,4,3,5,2,7,4,5,3,4,5,2,5,3,6,3,8,1,8,1,7,2,5,4,2,8,6,3,6,3,5,6
282,18,8,19,7,19,7,17,9,17,7,14,9,15,10,11,13,17,6,13,9,13,10,18,8,17,9,14,11,10,14,6,19,9,16,8,17,4,19
283,35,29,37,26,35,26,31,27,29,29,26,30,41,20,29,30,12,39,24,26,48,15,51,17,48,18,40,27,46,19,40,21,29,33,27,32,17,35
284,74,37,73,39,61,42,67,41,59,40,57,41,84,23,64,34,19,64,27,50,65,28,70,36,63,40,50,50,47,45,69,40,48,64,39,54,31,50
285,65,22,70,20,68,20,68,20,64,23,63,24,75,14,66,24,25,56,25,34,52,20,68,38,57,35,43,48,35,48,59,37,31,63,32,53,40,36
286,53,60,52,61,47,65,42,63,46,61,44,58,80,33,44,57,26,79,37,56,90,22,109,18,102,26,89,38,86,36,98,31,74,45,68,41,31,50
287,39,53,38,51,40,51,38,52,30,57,30,54,59,34,30,57,19,73,22,50,82,16,79,18,75,21,73,21,66,30,79,28,66,38,56,32,31,57
288,59,25,50,30,50,31,50,27,47,29,45,21,58,22,38,27,28,48,34,29,66,13,63,26,55,32,50,33,40,39,55,33,34,45,31,41,29,52
289,45,28,50,24,47,26,45,25,41,30,39,33,61,12,37,34,21,56,20,44,53,21,50,27,44,34,40,37,32,39,62,23,32,44,29,38,22,36
290,19,18,19,17,21,18,17,19,15,20,13,21,28,11,19,20,11,26,10,15,29,7,29,11,26,14,26,16,26,13,34,9,26,13,22,10,8,24
291,23,12,25,11,26,9,25,9,27,9,24,9,23,10,18,12,16,14,13,14,24,6,27,8,26,8,14,19,13,17,13,21,9,23,10,21,7,21
292,31,7,33,5,31,7,30,7,28,7,25,10,29,6,32,8,19,9,18,11,20,12,29,10,29,11,17,21,13,25,8,29,11,28,7,29,18,22
293,65,18,65,17,63,20,62,19,58,25,55,23,61,21,52,24,37,23,35,20,50,11,65,16,63,18,39,41,24,51,22,58,20,60,17,61,26,41
294,48,16,47,16,46,16,47,15,45,16,39,18,47,13,36,18,23,20,21,23,30,18,42,19,37,22,29,29,14,39,11,42,10,44,10,42,15,41
295,55,19,55,17,53,19,50,21,55,17,52,19,53,19,52,17,39,26,32,25,44,15,47,26,45,27,29,33,11,45,11,52,10,57,6,60,20,46
296,25,9,25,8,28,6,26,8,27,6,22,9,28,5,22,9,14,8,15,6,23,3,25,6,20,9,15,20,10,21,9,20,9,25,9,17,13,21
297,28,16,30,14,28,15,29,14,28,15,22,17,35,10,26,12,14,17,16,15,27,10,29,13,28,12,26,18,20,21,13,28,12,32,10,26,16,29
298,72,39,71,39,71,36,70,38,68,40,58,42,71,34,54,47,50,46,46,46,85,18,90,24,83,28,48,59,56,49,38,67,35,70,31,70,24,77
299,85,56,84,57,85,54,85,56,81,57,75,61,86,53,62,67,64,55,64,56,111,21,109,38,100,42,94,48,71,70,53,85,55,86,48,93,33,99
300,55,24,55,22,54,23,54,23,51,28,45,31,58,15,46,31,46,21,43,23,55,14,57,20,48,27,35,43,28,45,26,49,26,47,16,51,15,52
301,64,18,67,18,64,20,65,18,67,18,56,18,63,18,56,24,43,21,46,18,56,12,68,14,66,17,32,45,31,47,19,58,17,59,14,56,18,62
302,76,19,61,22,66,21,61,23,66,22,65,23,63,20,56,25,48,26,41,29,59,17,74,17,70,20,44,40,30,54,27,68,28,66,25,68,37,50
303,70,22,73,21,70,22,68,22,67,21,68,24,69,24,57,29,52,30,46,35,62,23,62,33,58,37,38,55,25,63,21,67,24,68,15,72,20,69
304,60,17,61,14,61,16,61,14,55,18,50,20,58,17,46,24,36,20,40,19,48,20,57,21,58,21,56,40,25,44,13,51,12,54,12,54,17,51
305,20,20,24,17,21,20,20,21,19,22,16,25,18,21,13,25,15,22,14,20,25,12,22,22,19,25,19,21,15,23,13,24,11,29,9,28,9,24
306,49,13,50,12,48,13,48,13,43,16,42,15,51,12,40,13,29,19,31,16,45,12,51,13,47,16,31,32,22,37,20,38,13,39,16,38,7,50
307,54,24,56,21,55,24,55,24,55,25,49,26,56,19,47,24,28,24,30,25,43,21,47,24,45,26,30,43,13,60,11,57,13,58,10,59,21,52
308,58,18,55,22,55,18,55,18,52,21,47,22,55,17,48,22,40,25,37,27,49,20,53,21,46,28,28,44,20,52,16,54,18,55,14,53,15,47
309,64,33,65,32,57,39,62,33,57,39,50,41,69,25,46,42,42,43,40,35,73,17,85,18,77,22,63,34,43,55,41,58,42,60,32,60,15,70
310,40,8,44,3,43,4,41,60,41,6,41,6,46,4,39,8,26,7,13,16,12,20,20,24,19,22,8,30,5,34,7,30,4,46,2,40,18,24
311,19,6,20,6,20,5,19,6,20,5,16,7,22,6,15,9,11,8,13,7,17,5,25,2,22,4,12,12,13,13,8,18,10,15,8,17,7,19
312,57,38,56,36,52,39,58,35,52,41,47,38,64,33,49,43,41,42,43,40,60,27,67,33,64,34,55,44,41,51,23,62,28,68,23,62,28,58
313,81,25,78,24,77,27,77,27,76,26,62,36,74,31,47,43,63,28,60,32,90,6,85,20,77,22,69,37,35,63,21,75,24,75,22,78,15,84
314,52,25,49,24,49,24,50,23,48,25,37,35,44,26,34,33,28,35,34,31,58,19,56,26,50,30,42,33,33,45,28,49,28,50,29,48,23,49
315,55,28,55,28,54,27,49,32,53,28,47,31,52,30,40,37,43,28,37,36,65,13,60,25,54,28,34,49,31,49,24,56,27,55,26,52,17,60
316,47,25,46,26,41,32,43,29,45,28,39,32,43,28,35,35,33,32,32,33,53,14,47,26,39,31,26,38,23,46,17,49,16,56,17,52,17,47
317,40,24,39,25,40,25,38,25,40,25,39,23,42,20,31,29,26,22,29,17,48,10,51,16,48,18,44,22,27,40,29,36,27,37,23,37,26,26
318,50,22,49,23,49,23,45,25,44,25,41,22,52,22,35,30,25,34,28,32,52,10,60,14,56,15,41,27,33,34,24,41,25,43,18,47,12,52
319,72,28,74,28,76,25,70,27,69,33,62,33,74,28,47,49,44,41,43,44,68,22,73,30,72,31,62,40,39,64,38,63,38,66,28,69,26,67
320,84,24,82,27,83,25,83,25,76,30,70,29,73,34,43,55,60,37,57,36,90,14,90,20,87,21,43,65,35,70,26,75,31,75,20,81,21,84
321,53,14,54,14,54,13,54,13,51,15,44,18,47,19,37,25,37,18,38,22,51,12,50,20,52,18,35,37,19,53,16,54,19,53,15,50,18,45
322,62,35,60,38,60,37,61,35,56,38,46,39,70,31,36,52,45,33,46,41,77,16,66,30,59,35,52,42,36,55,36,52,37,54,20,65,16,73
323,27,5,26,5,26,5,28,4,28,3,25,4,26,3,26,3,18,7,17,7,21,5,21,9,21,9,10,21,4,21,3,22,3,25,1,25,6,20
324,25,8,25,7,25,8,25,8,30,4,21,10,32,3,22,10,14,13,12,13,17,10,17,14,17,15,12,18,1,29,5,25,7,26,0,30,6,22
325,51,24,52,25,51,26,51,25,47,26,48,27,49,29,50,28,23,34,20,31,38,25,52,27,45,32,35,39,26,47,25,46,29,49,21,54,17,42
326,29,18,29,18,30,17,31,16,29,19,24,25,23,22,18,26,16,25,10,29,34,10,32,15,28,23,30,21,24,23,20,28,19,31,18,30,15,28
327,42,28,42,28,43,27,39,31,39,29,37,29,47,18,33,32,21,35,25,33,49,14,52,20,52,20,44,25,36,35,31,38,31,38,25,44,22,37
328,45,30,45,29,42,32,40,33,42,34,41,32,52,21,45,25,19,30,22,30,33,23,46,26,48,23,34,37,32,36,30,39,35,38,30,37,22,33
329,56,18,54,18,52,18,54,16,56,15,53,16,57,15,48,19,28,21,26,22,39,15,57,16,58,16,33,38,25,47,25,48,25,46,20,50,38,32
330,40,15,27,18,27,17,29,16,29,15,26,17,34,11,29,14,18,21,15,21,26,10,32,12,34,12,16,24,16,23,13,28,12,33,10,32,12,24
331,34,20,32,19,33,18,31,20,33,20,31,23,34,16,25,24,20,26,15,28,31,18,32,20,33,18,24,24,23,25,24,29,24,29,19,28,18,23
332,58,26,57,26,56,26,54,26,55,28,48,27,64,19,49,27,37,30,36,30,52,21,69,15,61,23,42,37,34,43,26,44,30,50,24,42,47,32
333,80,31,81,30,80,31,79,31,77,34,78,31,86,26,65,31,40,43,41,40,64,28,81,27,68,36,41,66,42,69,31,70,43,72,29,78,57,44
334,71,20,74,19,74,18,74,17,71,20,68,20,75,18,60,20,40,28,39,25,51,21,60,23,54,32,33,56,27,60,27,58,24,61,19,61,39,33
335,49,38,48,30,53,30,48,33,46,34,46,32,60,23,44,37,33,38,26,39,50,28,70,17,62,21,47,33,53,30,38,41,39,37,37,39,49,34
336,77,28,71,23,70,37,77,35,69,35,57,34,72,32,52,29,46,24,42,40,71,25,88,21,85,22,56,51,45,62,38,67,32,69,34,68,42,58
337,51,19,52,19,51,20,49,21,47,23,44,20,63,8,36,24,35,25,34,27,48,16,63,12,56,18,42,30,28,42,23,42,24,43,22,41,25,45
338,19,8,18,9,18,9,18,8,19,8,16,7,20,3,6,10,4,6,9,7,20,2,27,4,25,3,17,15,16,13,12,16,12,17,10,19,13,11
339,38,27,41,24,40,24,41,22,41,22,37,22,49,16,37,27,27,28,25,28,42,15,47,17,41,20,27,36,21,39,22,40,25,40,16,43,20,33
340,77,26,75,25,77,27,75,26,75,25,69,31,73,24,73,25,56,30,48,32,55,25,63,35,65,35,45,53,33,61,33,61,25,68,26,70,47,46
341,73,18,75,15,73,17,70,18,74,17,68,19,76,14,67,17,37,31,36,20,49,20,68,21,63,27,37,48,30,53,25,55,17,71,18,60,34,43
342,37,23,36,23,38,21,34,23,37,22,32,27,44,12,29,24,23,26,19,27,33,18,36,25,31,26,37,25,25,36,24,38,25,34,22,36,23,29
343,43,27,45,23,44,25,40,27,42,27,35,24,54,16,35,23,29,26,24,32,50,12,54,17,52,17,41,28,27,34,25,32,25,35,22,35,25,37
344,69,14,63,17,61,17,57,17,51,19,47,21,60,17,55,19,31,26,25,30,42,16,69,15,55,23,32,43,22,44,15,52,15,56,16,48,16,54
345,56,25,54,26,53,26,52,26,46,30,41,37,56,21,37,39,37,34,37,24,58,12,59,18,58,18,46,30,30,44,23,48,26,49,27,47,24,39
346,54,19,53,19,50,18,53,27,49,20,38,24,60,15,47,17,37,24,34,27,55,11,55,17,52,19,49,22,27,36,29,36,26,40,22,40,22,40
347,41,24,42,22,42,19,40,19,37,23,37,18,48,12,31,24,23,20,23,23,39,21,53,16,47,20,26,39,28,38,25,38,29,38,25,41,31,29
348,61,27,60,30,61,28,59,26,59,27,48,33,66,24,52,32,35,38,32,33,50,21,58,25,56,26,42,42,29,48,22,60,31,56,24,57,31,57
349,41,26,41,25,39,29,40,27,39,27,38,24,42,23,35,27,19,32,16,37,28,31,46,22,41,25,28,37,22,45,15,48,19,48,15,50,29,34
350,26,21,24,23,26,21,29,18,26,20,21,23,38,11,22,23,11,28,15,24,31,16,39,13,37,16,26,26,20,25,21,26,22,29,11,31,20,24
351,25,19,37,21,37,22,37,19,39,23,28,20,59,13,46,16,32,23,33,21,19,14,34,12,41,14,18,24,35,21,23,28,22,35,10,27,32,15
352,4,5,3,5,4,9,4,6,3,6,4,4,6,5,4,4,1,4,4,4,11,0,11,0,13,0,9,1,9,3,10,2,10,3,9,4,5,8
353,27,9,25,10,25,12,23,13,22,13,22,14,33,5,21,15,10,19,8,21,20,10,22,12,22,10,15,18,14,20,12,20,17,18,9,24,13,19
354,25,5,26,3,25,4,26,4,23,3,19,5,28,2,20,5,15,4,15,8,16,5,16,10,15,12,12,15,7,19,3,18,3,19,3,18,8,15
355,58,15,58,18,57,14,55,17,52,17,48,18,54,17,34,27,38,20,35,21,45,14,50,17,46,20,27,33,18,45,10,55,11,56,10,54,13,49
356,77,14,73,18,68,22,71,20,66,24,61,15,68,21,63,14,43,15,38,25,41,25,55,27,51,26,37,41,21,59,16,54,16,57,17,52,38,36
357,37,18,40,15,42,13,39,11,39,13,33,14,42,8,31,16,23,26,29,17,36,13,34,23,33,21,27,25,20,31,13,36,12,36,16,33,18,26
358,38,4,35,7,27,6,36,5,35,6,26,10,35,7,28,8,21,5,15,10,25,10,35,9,33,9,15,26,12,25,10,30,7,31,10,29,10,22
359,25,20,28,17,38,16,23,22,22,23,19,23,31,14,20,24,15,26,14,24,28,12,34,10,33,11,29,15,17,24,17,24,20,21,14,23,17,22
360,50,23,48,24,40,32,48,24,39,33,39,30,53,20,33,24,19,26,31,27,41,26,57,17,44,26,31,45,30,39,22,46,28,43,23,48,35,32
361,47,31,48,29,50,25,45,28,44,32,44,29,52,21,33,40,33,35,29,37,56,15,54,25,53,27,48,31,24,51,30,48,27,53,22,51,23,50
362,34,13,33,13,33,13,31,15,31,15,25,20,33,13,31,15,20,18,20,17,29,12,33,11,27,17,25,21,15,32,10,39,11,37,9,37,14,32
363,34,18,34,17,34,15,34,17,28,20,22,27,30,18,25,24,17,29,14,27,23,22,27,25,24,28,12,37,13,34,8,37,17,41,7,37,17,30
364,39,25,39,25,34,29,38,24,32,28,31,27,39,17,28,27,24,31,23,20,39,16,43,17,36,20,28,34,22,36,20,38,26,35,19,38,14,49
365,37,26,38,15,37,16,38,15,35,18,36,18,37,17,30,15,28,18,24,19,30,16,36,14,32,15,26,25,11,40,8,45,8,44,9,39,15,28
366,42,24,46,20,44,22,40,23,41,23,37,24,46,16,32,24,25,29,29,29,38,18,42,28,36,31,34,33,17,42,15,48,21,42,17,46,14,46
367,29,13,27,15,25,17,26,15,24,18,21,18,27,14,19,19,19,21,14,22,27,7,38,7,28,12,25,14,19,21,18,24,16,22,14,23,16,20
368,30,14,30,14,32,12,28,14,29,14,22,18,33,11,25,14,19,18,21,19,32,11,31,12,29,15,17,25,13,28,11,25,12,28,9,31,10,28
369,48,13,46,13,49,11,47,13,43,14,46,11,49,11,41,14,30,14,24,16,34,8,45,14,38,15,23,31,16,34,13,39,12,43,9,44,12,30
370,62,26,59,29,63,26,59,28,59,26,61,25,70,19,59,24,26,40,25,42,40,29,47,38,44,44,39,44,24,49,23,55,24,64,17,63,38,43
371,33,76,35,24,34,24,35,22,30,24,25,29,34,23,29,26,23,26,23,35,35,22,39,21,34,27,28,30,28,28,16,39,17,40,19,34,17,40
372,62,35,67,31,65,34,62,35,60,37,54,42,70,31,48,45,47,43,43,37,65,24,65,32,62,34,53,42,29,63,31,66,32,68,23,66,26,63
373,54,50,55,49,54,47,54,50,51,52,41,51,57,49,40,56,41,54,38,50,78,22,64,42,56,49,45,49,43,58,37,54,44,56,37,60,19,68
374,55,44,55,44,55,45,53,44,51,44,55,40,52,46,43,47,50,36,53,40,79,16,68,31,50,40,57,38,43,52,38,57,43,55,34,55,27,60
375,50,27,47,29,43,33,45,30,45,31,39,37,50,25,36,37,32,38,32,34,57,18,55,25,51,29,41,33,28,46,25,48,25,49,26,45,19,47
376,63,30,63,30,63,29,65,28,57,33,61,29,60,33,47,37,35,44,34,39,53,28,62,26,52,32,44,50,27,49,27,60,24,67,22,65,36,50
377,45,34,44,33,41,36,43,34,43,37,43,47,40,36,35,39,32,36,30,37,56,16,58,20,54,22,51,30,28,47,32,44,32,43,27,53,23,59
378,44,20,43,20,40,22,42,20,39,22,37,22,41,17,36,22,30,25,20,34,39,19,48,16,46,16,27,37,25,36,25,41,28,39,21,42,23,38
379,35,20,38,17,39,14,40,13,39,14,33,19,40,11,37,15,26,16,19,23,32,10,36,17,33,17,26,21,20,36,15,44,16,41,20,32,24,29
380,49,14,47,15,44,17,48,15,42,18,39,20,46,13,41,18,22,25,18,28,32,17,38,29,35,29,24,37,16,44,16,21,17,43,15,42,25,29
381,51,30,49,31,53,30,46,32,48,32,44,56,60,24,38,38,34,38,34,34,50,16,59,17,54,19,42,33,33,36,32,43,29,47,28,47,21,48
382,72,34,71,35,70,35,70,35,68,39,63,36,82,26,62,32,39,45,34,50,57,39,71,36,68,39,41,61,30,65,32,62,30,67,28,68,34,67
383,35,29,27,28,37,26,34,25,35,25,29,32,42,18,36,24,20,35,20,32,27,27,34,28,36,27,27,31,20,35,17,41,17,42,15,41,23,29
384,46,19,35,19,33,20,34,20,32,20,31,22,40,14,28,22,19,27,16,32,38,11,49,4,45,7,30,22,25,26,23,28,21,32,21,29,20,28
385,63,31,62,30,64,30,61,32,61,29,54,35,75,17,54,31,36,40,33,42,66,21,64,28,57,33,46,46,42,48,35,55,28,58,30,55,49,40
386,45,13,42,14,44,13,43,16,40,15,36,17,46,11,32,18,22,16,23,16,39,7,52,7,48,8,30,28,17,37,20,36,16,39,14,40,27,28
387,22,10,21,10,22,9,23,9,21,9,22,10,26,4,19,12,14,9,10,11,12,8,28,6,24,8,15,18,9,20,7,25,8,23,7,21,12,16
388,45,31,46,28,42,30,41,33,39,30,30,34,51,22,29,34,32,26,37,28,63,13,66,18,61,23,49,35,50,31,35,39,40,38,37,34,26,45
389,39,38,41,36,41,46,39,35,38,37,38,39,53,25,29,38,29,34,33,33,72,6,68,18,58,17,63,25,50,30,47,36,44,38,39,38,16,62
390,50,48,48,47,56,43,50,45,54,41,48,44,61,35,43,47,30,47,28,52,58,29,61,39,57,39,52,48,38,54,40,53,42,53,29,65,53,36
391,47,39,44,41,47,41,44,42,40,44,39,44,43,41,31,51,29,48,29,43,59,19,65,19,59,25,54,28,38,40,35,45,36,45,35,44,21,58
392,24,15,23,16,22,17,21,19,20,19,21,19,23,16,14,23,16,20,14,17,28,11,29,13,27,14,27,15,20,18,17,23,17,25,15,25,9,29
393,58,26,60,25,57,28,56,29,51,31,47,32,59,51,25,51,26,29,29,36,32,37,44,26,59,22,56,23,36,43,24,50,27,53,26,53,28,57
394,21,14,23,13,20,13,20,14,23,12,17,16,27,8,21,14,12,13,7,15,23,2,28,5,23,8,20,9,15,13,12,17,15,18,13,17,10,19
395,88,52,91,48,85,51,87,49,85,52,81,49,92,38,52,62,56,52,61,52,104,27,103,33,103,34,73,59,56,75,45,83,43,88,43,82,38,89
396,40,36,39,37,38,38,42,34,36,39,37,39,52,30,28,46,24,44,26,41,64,11,63,19,54,22,56,21,49,28,49,27,46,33,41,28,25,56
397,37,66,37,67,36,68,33,69,35,68,38,65,45,59,29,69,36,59,36,63,82,19,69,42,65,42,84,24,53,50,62,43,59,50,59,48,19,65
398,68,50,67,47,68,48,65,49,66,47,63,51,67,43,51,54,55,47,53,50,91,20,81,39,82,39,71,54,49,65,46,70,45,73,39,74,31,89
399,45,28,43,29,47,27,42,27,42,28,40,28,46,20,33,32,27,32,30,28,54,15,53,23,53,20,48,29,30,44,27,43,30,43,26,44,29,46
400,111,45,109,44,12,41,107,42,98,53,96,53,105,44,76,66,86,49,84,49,106,36,111,46,103,47,60,88,53,92,36,99,40,104,38,103,31,114
401,26,12,26,12,25,11,24,13,20,18,18,19,30,6,16,17,9,20,13,17,19,14,16,23,17,22,17,21,12,27,12,26,11,26,11,28,11,23
402,74,31,77,27,76,29,76,29,74,29,75,27,70,31,60,41,55,36,46,41,74,24,73,28,73,31,52,50,30,74,31,72,31,78,23,73,28,68
403,34,19,30,40,32,37,31,40,31,39,27,42,39,34,25,43,30,39,25,38,56,13,56,21,55,23,46,24,39,31,39,30,41,32,34,36,23,42
404,28,35,28,36,31,32,29,34,29,34,26,33,43,21,26,36,28,31,30,30,54,11,53,16,52,17,51,16,32,34,31,36,36,33,30,30,13,54
405,32,25,32,26,30,26,31,24,27,27,26,24,32,22,17,32,24,24,27,21,44,8,47,12,43,14,34,20,26,26,22,30,24,31,23,28,10,42
406,59,49,61,46,62,42,61,43,54,46,64,35,70,35,42,56,55,47,57,44,94,14,82,29,81,29,74,37,53,53,47,61,49,59,42,61,16,74
407,83,97,86,97,87,93,88,91,90,92,80,88,84,94,61,107,77,84,80,80,163,19,149,44,144,47,144,45,77,111,75,108,81,107,78,100,36,137
408,75,79,74,81,76,85,71,87,67,91,76,80,74,82,44,99,68,75,62,76,135,22,131,32,130,35,122,47,91,73,82,80,81,84,75,82,32,126
409,72,57,70,57,77,57,74,56,67,62,69,53,74,53,42,77,60,63,57,65,114,16,111,23,108,25,81,50,65,66,56,75,61,73,52,71,18,103
410,61,35,62,36,64,33,66,36,59,37,58,34,61,36,39,58,53,35,59,35,81,16,84,23,80,21,65,41,52,49,31,65,30,70,33,62,21,74
411,52,44,51,44,53,42,51,42,52,42,45,48,65,30,38,51,32,50,39,42,72,17,68,25,60,31,66,30,44,47,50,41,48,44,41,51,16,64
412,32,34,30,36,26,38,28,38,24,42,24,39,34,33,20,46,24,37,22,37,52,16,50,10,47,22,51,16,41,27,37,27,41,28,35,28,23,35
413,35,18,36,17,35,18,35,15,33,18,32,18,37,14,24,24,23,21,26,21,40,10,40,13,39,14,27,27,18,36,15,33,18,36,13,39,13,27
414,36,45,33,44,33,43,35,43,30,45,26,45,39,36,23,47,27,41,32,40,70,7,60,18,58,18,59,17,55,21,46,32,50,32,39,36,17,61
415,50,30,51,29,49,30,48,28,42,33,43,30,48,27,37,36,37,33,40,27,65,10,74,10,72,13,55,27,44,39,30,51,31,51,30,51,23,64
416,35,24,37,21,35,23,35,24,34,23,30,24,35,24,24,34,32,25,31,24,54,7,50,13,48,13,47,15,27,33,24,35,25,35,22,30,12,47
417,39,32,36,33,35,33,35,33,32,35,33,32,46,24,28,37,21,36,26,34,38,22,53,20,49,22,37,34,33,20,24,40,25,41,23,38,31,31
418,15,6,16,6,16,7,16,6,17,5,15,7,14,6,8,11,9,5,8,7,14,4,19,3,19,4,13,8,10,12,8,11,8,14,7,14,8,12
419,22,23,22,22,21,24,20,24,17,25,14,29,24,20,13,26,13,27,19,20,36,4,36,9,38,8,39,3,34,10,28,17,26,17,27,16,6,31
420,26,24,25,24,27,23,27,23,24,24,22,27,31,18,24,26,20,27,19,27,43,5,45,7,44,8,39,12,31,18,32,22,30,24,30,23,17,36
421,60,33,44,51,60,31,56,28,56,28,52,29,50,22,34,37,48,25,52,29,74,10,76,14,67,11,58,38,46,38,23,54,23,52,29,49,27,56
422,59,33,60,32,60,33,59,31,55,33,56,35,57,32,44,43,53,35,51,38,76,11,83,10,80,12,65,25,46,47,38,54,37,59,40,52,21,66
423,31,19,33,18,27,20,26,22,26,22,25,24,29,21,23,20,22,24,25,23,46,8,44,9,44,9,38,15,27,23,29,23,29,22,25,25,24,24
424,93,39,101,32,96,35,95,36,93,36,82,38,89,41,69,46,79,42,86,33,114,16,122,18,116,20,87,47,49,81,34,95,36,97,38,87,19,106
425,58,59,55,63,55,63,60,56,59,59,56,56,68,50,33,80,55,57,56,51,114,8,99,27,96,28,94,33,83,43,60,63,69,59,59,62,30,88
426,49,51,29,49,53,47,54,46,48,50,44,55,53,48,23,73,43,55,48,45,101,6,89,18,83,23,79,79,76,33,59,46,61,41,59,46,20,69
427,38,67,34,71,45,59,40,66,38,64,32,71,31,74,18,84,36,63,36,66,103,4,96,3,96,113,91,18,83,20,56,31,71,37,68,38,21,77
428,41,72,45,65,50,64,49,66,45,73,49,60,41,72,26,89,46,65,51,54,107,10,101,19,98,21,91,29,78,35,58,57,60,55,59,49,21,83
429,47,38,45,40,48,37,50,35,48,36,43,39,44,39,22,57,50,30,49,32,76,7,65,17,66,19,63,23,34,52,32,50,36,48,30,47,8,77
430,60,66,64,61,63,62,56,66,54,61,56,32,43,76,25,94,66,60,49,69,111,15,98,34,88,38,102,22,67,57,50,77,49,77,47,82,19,101
431,50,59,50,59,47,62,44,62,46,62,46,58,49,59,19,82,35,68,49,55,103,8,92,21,92,20,95,25,68,45,63,46,66,48,56,52,32,74
432,54,48,50,49,54,45,52,46,47,51,51,45,43,52,29,62,41,50,50,47,97,12,88,19,89,18,63,45,57,48,46,55,50,52,40,56,19,82
433,48,70,48,70,50,67,49,67,48,65,45,64,60,60,38,70,41,66,52,57,108,18,103,21,106,20,100,25,79,39,73,42,73,47,65,50,36,77
434,20,82,60,86,59,86,62,82,64,83,49,85,72,67,34,95,53,87,48,67,141,11,135,22,126,28,117,35,96,51,84,61,87,58,78,54,36,112
435,77,82,70,86,77,80,75,82,70,86,64,86,72,79,42,111,64,81,74,73,143,14,130,30,132,30,118,48,103,55,68,85,75,79,68,77,24,130
436,78,50,75,47,75,48,75,45,70,51,71,46,73,52,42,61,72,46,64,48,95,18,108,10,108,11,88,36,60,57,38,77,42,83,42,72,21,101
437,49,36,52,31,56,30,54,30,54,32,48,29,56,34,34,34,47,29,45,36,79,12,70,28,69,25,65,30,45,49,33,55,34,58,36,54,19,69
438,58,27,60,27,59,26,59,25,56,34,53,33,62,30,46,37,40,33,42,29,73,6,74,16,73,15,55,30,39,44,36,50,32,65,34,49,30,48
439,45,40,41,43,50,35,47,37,42,38,37,37,48,36,23,52,35,42,39,35,80,7,77,17,76,15,62,24,55,31,47,38,44,42,42,41,27,59
440,41,36,46,31,45,32,43,34,45,32,39,34,49,26,25,44,34,37,28,38,47,26,57,26,51,27,49,27,37,40,32,43,37,41,28,46,26,47
441,62,32,59,34,62,32,60,33,60,30,54,34,60,30,49,37,43,35,45,38,71,16,71,18,74,20,54,37,31,58,28,58,27,60,25,60,21,66
442,64,27,62,29,48,28,61,28,61,29,51,34,57,30,42,46,44,33,43,33,66,17,57,36,55,37,53,39,27,59,29,58,24,64,17,66,20,71
443,40,64,42,61,42,59,41,61,38,62,28,68,53,49,25,67,29,59,35,57,78,25,78,31,77,33,76,32,55,48,57,45,57,51,51,53,26,67
444,52,47,50,47,52,46,50,47,52,42,46,47,62,40,39,49,38,48,48,41,85,12,85,21,83,22,71,36,57,42,54,43,56,47,48,49,20,71
445,50,35,52,31,42,40,41,40,45,38,41,40,51,34,31,44,32,41,32,39,79,7,75,20,74,20,59,36,51,41,47,41,53,40,49,43,29,56
446,39,43,35,47,38,46,33,48,33,48,34,47,39,42,19,62,34,47,33,41,73,8,69,15,67,16,58,22,45,37,39,49,42,43,39,45,17,59
447,71,52,73,51,73,50,73,49,71,50,63,55,63,62,46,69,57,46,55,60,131,14,128,22,121,26,124,43,79,65,69,64,67,63,65,64,48,92
448,92,51,94,49,97,43,92,47,87,52,81,51,83,55,49,78,84,47,84,47,123,10,118,22,115,24,104,39,78,60,50,87,51,86,49,79,22,110
449,70,70,70,68,66,70,65,73,58,70,63,69,68,66,42,78,62,70,65,66,129,14,131,17,127,20,107,40,91,56,74,74,72,71,71,72,13,111
450,39,57,35,62,39,58,39,57,34,61,37,55,42,51,20,68,34,57,36,49,80,18,78,21,84,21,73,26,69,29,53,40,57,41,50,44,23,63
451,28,52,23,51,25,50,25,50,26,50,26,47,30,46,13,60,24,49,28,40,82,2,80,7,80,8,77,7,69,15,55,26,58,23,51,29,13,69
452,52,48,53,54,50,62,47,68,47,63,46,71,53,58,28,80,47,72,52,61,104,12,88,29,88,31,94,30,69,45,65,50,69,47,49,45,49,45
453,30,74,32,13,30,14,29,15,28,15,23,16,35,11,14,27,21,17,23,15,38,9,35,14,34,15,36,13,22,25,18,25,23,24,16,28,10,32
454,93,17,89,21,89,19,91,18,78,29,74,26,59,41,38,58,63,25,63,33,94,8,98,18,94,20,66,46,35,74,27,76,28,80,24,72,6,110
455,50,17,51,19,48,18,47,21,49,19,44,21,49,15,36,26,33,20,38,16,46,8,58,10,51,14,34,33,31,34,20,45,20,49,24,41,19,40
