Ward,Precinct,pres.prohib,pres.slp,pres.dem,pres.rep,pres.blank,gov.rep,gov.dem,gov.slp,gov.prohib,gov.blank,repeal.yes,repeal.no,repeal.blank,repeal59.yes,repeal59.no,repeal59.invalid,repeal59.blank,p.gov.rep,p.gov.dem,p.gov.slp,p.gov.prohib,p.gov.blank,p.pres.rep,p.pres.dem,p.pres.slp,p.pres.prohib,p.pres.blank,p.yes.59,p.no.59,p.blank.59,p.yes.60,p.no.60,p.blank.60,sumGov,sum60,
1,1,,1,613,391,10,479,503,1,5,27,528,361,126,359,451,0,9,0.47192118226601,0.495566502463054,0.000985221674876847,0.00492610837438424,0.0266009852216749,0.385221674876847,0.603940886699507,0.000985221674876847,0,0.00985221674876847,0.438339438339438,0.550671550671551,0.010989010989011,0.520197044334975,0.355665024630542,0.124137931034483,1015,1015,0
1,2,2,1,485,480,10,531,409,2,5,31,420,425,133,259,451,1,6,0.542944785276074,0.418200408997955,0.00204498977505112,0.00511247443762781,0.0316973415132924,0.49079754601227,0.495910020449898,0.00102249488752556,0.00204498977505112,0.0102249488752556,0.361227336122734,0.629009762900976,0.0097629009762901,0.429447852760736,0.434560327198364,0.1359918200409,978,978,0
1,3,,,417,597,4,721,273,2,5,17,331,605,82,169,625,0,3,0.708251473477407,0.268172888015717,0.00196463654223969,0.00491159135559921,0.0166994106090373,0.586444007858546,0.409626719056974,0,0,0.00392927308447937,0.212045169385194,0.784190715181932,0.00376411543287327,0.325147347740668,0.594302554027505,0.0805500982318271,1018,1018,0
1,4,2,4,489,614,4,662,420,4,6,21,472,495,146,285,508,1,10,0.594788858939802,0.377358490566038,0.00359389038634322,0.00539083557951482,0.0188679245283019,0.551662174303684,0.439353099730458,0.00359389038634322,0.00179694519317161,0.00359389038634322,0.354477611940298,0.6318407960199,0.013681592039801,0.4240790655885,0.444743935309973,0.131176999101527,1113,1113,0
1,5,,1,461,628,13,684,387,3,9,20,437,520,146,245,583,0,7,0.620126926563917,0.350861287398005,0.00271985494106981,0.00815956482320943,0.0181323662737987,0.56935630099728,0.417951042611061,0.000906618313689937,0,0.0117860380779692,0.293413173652695,0.698203592814371,0.00838323353293413,0.396192203082502,0.471441523118767,0.132366273798731,1103,1103,0
1,6,,1,534,589,13,659,449,3,4,22,515,483,139,289,515,0,6,0.579595426561126,0.394898856640281,0.00263852242744063,0.00351802990325418,0.019349164467898,0.518029903254178,0.469656992084433,0.000879507475813544,0,0.0114335971855761,0.35679012345679,0.635802469135802,0.00740740740740741,0.452946350043975,0.424802110817942,0.122251539138083,1137,1137,0
1,7,1,1,524,426,7,478,451,4,7,19,446,390,123,263,390,2,6,0.498435870698644,0.470281543274244,0.00417101147028154,0.0072992700729927,0.0198123044838373,0.444212721584984,0.546402502606882,0.00104275286757039,0.00104275286757039,0.0072992700729927,0.397881996974281,0.590015128593041,0.0121028744326778,0.465067778936392,0.40667361835245,0.128258602711157,959,959,0
1,8,,,368,710,9,766,296,4,6,15,394,588,105,182,632,0,7,0.704691812327507,0.272309107635695,0.00367985280588776,0.00551977920883165,0.0137994480220791,0.653173873045078,0.338546458141674,0,0,0.00827966881324747,0.221680876979293,0.76979293544458,0.00852618757612668,0.362465501379945,0.540938362465501,0.0965961361545538,1087,1087,0
1,9,,2,464,828,11,959,326,1,12,7,395,781,129,193,867,0,4,0.734865900383142,0.249808429118774,0.000766283524904215,0.00919540229885057,0.0053639846743295,0.63448275862069,0.355555555555556,0.00153256704980843,0,0.00842911877394636,0.181390977443609,0.81484962406015,0.0037593984962406,0.302681992337165,0.598467432950192,0.0988505747126437,1305,1305,0
1,10,,1,413,685,11,726,357,3,7,17,429,568,113,225,612,0,3,0.654054054054054,0.321621621621622,0.0027027027027027,0.00630630630630631,0.0153153153153153,0.617117117117117,0.372072072072072,0.000900900900900901,0,0.00990990990990991,0.267857142857143,0.728571428571429,0.00357142857142857,0.386486486486486,0.511711711711712,0.101801801801802,1110,1110,0
1,11,,1,461,620,6,659,408,2,6,13,509,453,126,234,515,0,7,0.605698529411765,0.375,0.00183823529411765,0.00551470588235294,0.0119485294117647,0.569852941176471,0.423713235294118,0.000919117647058824,0,0.00551470588235294,0.30952380952381,0.681216931216931,0.00925925925925926,0.467830882352941,0.416360294117647,0.115808823529412,1088,1088,0
2,1,,1,527,263,8,308,469,2,6,14,443,257,99,287,267,2,3,0.385481852315394,0.586983729662078,0.00250312891113892,0.00750938673341677,0.0175219023779725,0.329161451814768,0.659574468085106,0.00125156445556946,0,0.0100125156445557,0.513416815742397,0.477638640429338,0.00894454382826476,0.554443053817272,0.321652065081352,0.123904881101377,799,799,0
2,2,,,409,233,9,263,352,2,3,31,344,180,127,224,206,5,5,0.403993855606759,0.540706605222734,0.00307219662058372,0.00460829493087558,0.0476190476190476,0.357910906298003,0.62826420890937,0,0,0.0138248847926267,0.509090909090909,0.468181818181818,0.0227272727272727,0.528417818740399,0.276497695852535,0.195084485407066,651,651,0
2,3,1,1,648,223,16,326,515,5,8,35,483,217,189,331,259,2,11,0.366704161979752,0.579302587176603,0.00562429696287964,0.00899887514060742,0.0393700787401575,0.250843644544432,0.728908886389201,0.00112485939257593,0.00112485939257593,0.0179977502812149,0.548922056384743,0.429519071310116,0.021558872305141,0.543307086614173,0.244094488188976,0.21259842519685,889,889,0
2,4,1,1,605,434,5,511,507,4,6,18,534,368,144,349,460,0,8,0.488527724665392,0.484703632887189,0.00382409177820268,0.00573613766730402,0.017208413001912,0.41491395793499,0.578393881453155,0.000956022944550669,0.000956022944550669,0.00478011472275335,0.427172582619339,0.563035495716034,0.00979192166462668,0.510516252390057,0.351816443594646,0.137667304015296,1046,1046,0
2,5,1,,483,287,9,351,403,5,2,19,437,251,92,226,237,0,4,0.45,0.516666666666667,0.00641025641025641,0.00256410256410256,0.0243589743589744,0.367948717948718,0.619230769230769,0,0.00128205128205128,0.0115384615384615,0.483940042826552,0.507494646680942,0.00856531049250535,0.56025641025641,0.321794871794872,0.117948717948718,780,780,0
2,6,,,542,219,4,251,487,2,4,21,455,202,108,291,192,0,7,0.328104575163399,0.636601307189542,0.00261437908496732,0.00522875816993464,0.0274509803921569,0.286274509803922,0.708496732026144,0,0,0.00522875816993464,0.593877551020408,0.391836734693877,0.0142857142857143,0.594771241830065,0.264052287581699,0.141176470588235,765,765,0
2,7,,,558,561,2,686,416,2,10,7,498,518,105,311,567,0,6,0.611953612845674,0.371097234611954,0.00178412132024978,0.00892060660124889,0.00624442462087422,0.500446030330062,0.497769848349688,0,0,0.00178412132024978,0.351809954751131,0.641402714932127,0.00678733031674208,0.444246208742194,0.462087421944692,0.0936663693131133,1121,1121,0
2,8,,1,393,561,5,630,298,5,5,22,394,474,92,212,575,0,4,0.65625,0.310416666666667,0.00520833333333333,0.00520833333333333,0.0229166666666667,0.584375,0.409375,0.00104166666666667,0,0.00520833333333333,0.268015170670038,0.72692793931732,0.00505689001264223,0.410416666666667,0.49375,0.0958333333333333,960,960,0
2,9,,1,515,566,4,641,417,5,7,16,518,456,112,307,537,0,3,0.5902394106814,0.383977900552486,0.00460405156537753,0.00644567219152855,0.0147329650092081,0.521178637200737,0.474217311233886,0.000920810313075507,0,0.00368324125230203,0.36245572609209,0.634002361275089,0.00354191263282172,0.476979742173112,0.419889502762431,0.103130755064457,1086,1086,0
2,10,,3,435,331,4,346,393,4,5,25,398,238,137,275,257,1,7,0.447606727037516,0.508408796895213,0.00517464424320828,0.00646830530401035,0.0323415265200517,0.428201811125485,0.5627425614489,0.00388098318240621,0,0.00517464424320828,0.509259259259259,0.475925925925926,0.0148148148148148,0.514877102199224,0.307891332470893,0.177231565329884,773,773,0
2,11,1,,666,376,7,466,561,4,4,15,583,321,146,427,348,2,4,0.443809523809524,0.534285714285714,0.00380952380952381,0.00380952380952381,0.0142857142857143,0.358095238095238,0.634285714285714,0,0.000952380952380952,0.00666666666666667,0.546734955185659,0.445582586427657,0.00768245838668374,0.555238095238095,0.305714285714286,0.139047619047619,1050,1050,0
2,12,,1,731,358,11,534,527,3,13,24,582,331,188,457,384,1,13,0.485013623978202,0.478655767484105,0.00272479564032698,0.0118074477747502,0.0217983651226158,0.325158946412352,0.66394187102634,0.000908265213442325,0,0.00999091734786558,0.534502923976608,0.449122807017544,0.016374269005848,0.528610354223433,0.30063578564941,0.170753860127157,1101,1101,0
2,13,,1,767,458,11,566,625,6,16,24,728,352,157,506,410,0,6,0.457558609539208,0.505254648342765,0.00485044462409054,0.0129345189975748,0.0194017784963622,0.370250606305578,0.620048504446241,0.000808407437348424,0,0.00889248181083266,0.54880694143167,0.44468546637744,0.00650759219088937,0.588520614389652,0.284559417946645,0.126919967663703,1237,1237,0
3,1,,,593,55,13,197,433,,,31,361,120,180,364,131,1,17,0.29803328290469,0.655068078668684,0,0,0.0468986384266263,0.0832072617246596,0.897125567322239,0,0,0.0196671709531014,0.709551656920078,0.255360623781676,0.0350877192982456,0.546142208774584,0.181543116490166,0.27231467473525,661,661,0
3,2,,,856,125,22,439,524,1,6,33,523,218,262,535,264,5,30,0.437686939182453,0.522432701894317,0.000997008973080758,0.00598205383848455,0.032901296111665,0.124626121635095,0.853439680957129,0,0,0.0219341974077767,0.641486810551559,0.316546762589928,0.0419664268585132,0.521435692921236,0.217347956131605,0.261216350947158,1003,1003,0
3,3,,,613,71,12,289,384,2,1,20,393,111,192,418,120,0,21,0.415229885057471,0.551724137931034,0.0028735632183908,0.0014367816091954,0.028735632183908,0.102011494252874,0.880747126436782,0,0,0.0172413793103448,0.747763864042934,0.214669051878354,0.037567084078712,0.564655172413793,0.15948275862069,0.275862068965517,696,696,0
3,4,,,644,87,17,223,495,2,5,23,420,166,162,360,177,1,18,0.298128342245989,0.661764705882353,0.00267379679144385,0.00668449197860963,0.0307486631016043,0.116310160427807,0.86096256684492,0,0,0.0227272727272727,0.647482014388489,0.318345323741007,0.0341726618705036,0.561497326203209,0.22192513368984,0.216577540106952,748,748,0
3,5,1,1,324,121,19,144,298,1,3,20,256,90,120,211,87,0,11,0.309012875536481,0.639484978540773,0.00214592274678112,0.00643776824034335,0.0429184549356223,0.259656652360515,0.695278969957082,0.00214592274678112,0.00214592274678112,0.0407725321888412,0.682847896440129,0.281553398058252,0.0355987055016181,0.549356223175966,0.1931330472103,0.257510729613734,466,466,0
3,6,1,,567,165,8,228,492,,7,14,426,217,98,254,220,0,5,0.307692307692308,0.663967611336032,0,0.00944669365721997,0.0188933873144399,0.222672064777328,0.765182186234818,0,0.00134952766531714,0.0107962213225371,0.53027139874739,0.459290187891441,0.0104384133611691,0.574898785425101,0.292847503373819,0.13225371120108,741,741,0
3,7,1,1,352,199,6,232,307,1,2,17,273,195,91,173,239,2,5,0.415026833631485,0.549194991055456,0.00178890876565295,0.0035778175313059,0.0304114490161002,0.355992844364937,0.629695885509839,0.00178890876565295,0.00178890876565295,0.0107334525939177,0.412887828162291,0.570405727923628,0.0167064439140811,0.488372093023256,0.348837209302326,0.162790697674419,559,559,0
3,8,2,1,347,211,12,236,310,4,2,21,291,147,135,180,196,0,7,0.411867364746946,0.541012216404887,0.00698080279232112,0.00349040139616056,0.0366492146596859,0.368237347294939,0.605584642233857,0.00174520069808028,0.00349040139616056,0.0209424083769633,0.469973890339426,0.511749347258486,0.0182767624020888,0.507853403141361,0.256544502617801,0.235602094240838,573,573,0
3,9,,2,534,114,22,128,504,1,5,34,380,128,164,318,182,2,23,0.19047619047619,0.75,0.00148809523809524,0.00744047619047619,0.0505952380952381,0.169642857142857,0.794642857142857,0.00297619047619048,0,0.0327380952380952,0.605714285714286,0.346666666666667,0.0476190476190476,0.56547619047619,0.19047619047619,0.244047619047619,672,672,0
4,1,,1,386,39,5,49,352,2,6,22,243,97,91,220,146,1,5,0.11368909512761,0.816705336426914,0.00464037122969838,0.0139211136890951,0.0510440835266821,0.0904872389791183,0.895591647331787,0.00232018561484919,0,0.0116009280742459,0.591397849462366,0.39247311827957,0.0161290322580645,0.563805104408353,0.225058004640371,0.211136890951276,431,431,0
4,2,1,1,792,107,12,178,695,5,8,27,546,224,143,365,298,0,11,0.194961664841183,0.761226725082147,0.00547645125958379,0.00876232201533406,0.0295728368017525,0.117196056955093,0.867469879518072,0.00109529025191676,0.00109529025191676,0.0131434830230011,0.541543026706231,0.442136498516321,0.0163204747774481,0.59802847754655,0.245345016429354,0.156626506024096,913,913,0
4,3,,,766,112,11,195,651,4,11,28,545,194,150,439,229,0,19,0.219347581552306,0.732283464566929,0.00449943757030371,0.0123734533183352,0.031496062992126,0.125984251968504,0.861642294713161,0,0,0.0123734533183352,0.63901018922853,0.333333333333333,0.0276564774381368,0.613048368953881,0.21822272215973,0.168728908886389,889,889,0
4,4,,,714,141,10,224,601,3,10,27,498,218,149,390,255,0,16,0.258959537572254,0.694797687861272,0.00346820809248555,0.0115606936416185,0.0312138728323699,0.163005780346821,0.825433526011561,0,0,0.0115606936416185,0.590015128593041,0.385779122541604,0.0242057488653555,0.575722543352601,0.252023121387283,0.172254335260116,865,865,0
4,5,1,1,594,83,7,139,513,4,6,24,439,108,139,317,176,3,19,0.202623906705539,0.747813411078717,0.00583090379008746,0.0087463556851312,0.0349854227405248,0.120991253644315,0.865889212827988,0.00145772594752187,0.00145772594752187,0.0102040816326531,0.615533980582524,0.341747572815534,0.0427184466019417,0.639941690962099,0.157434402332362,0.202623906705539,686,686,0
4,6,,4,690,115,11,215,583,3,2,17,489,205,126,368,245,6,0,0.26219512195122,0.710975609756098,0.00365853658536585,0.0024390243902439,0.0207317073170732,0.140243902439024,0.841463414634146,0.00487804878048781,0,0.0134146341463415,0.594507269789984,0.395799676898223,0.00969305331179321,0.596341463414634,0.25,0.153658536585366,820,820,0
4,7,,1,781,164,11,314,622,1,,20,599,226,132,451,277,0,10,0.328108672936259,0.649947753396029,0.00104493207941484,0,0.0208986415882968,0.171368861024033,0.816091954022988,0.00104493207941484,0,0.0114942528735632,0.611111111111111,0.375338753387534,0.013550135501355,0.625914315569488,0.236154649947753,0.137931034482759,957,957,0
4,8,2,,637,123,11,210,518,3,7,35,393,196,184,314,204,0,15,0.271668822768435,0.670116429495472,0.00388098318240621,0.00905562742561449,0.0452781371280724,0.159120310478655,0.824062095730918,0,0.00258732212160414,0.0142302716688228,0.589118198874296,0.382739212007505,0.0281425891181989,0.508408796895213,0.253557567917206,0.238033635187581,773,773,0
4,9,,,790,119,13,240,645,,9,28,536,230,156,419,272,2,14,0.260303687635575,0.699566160520607,0,0.00976138828633406,0.0303687635574837,0.129067245119306,0.856832971800434,0,0,0.0140997830802603,0.592644978783593,0.384724186704385,0.0226308345120226,0.581344902386117,0.249457700650759,0.169197396963124,922,922,0
4,10,1,3,772,97,18,305,544,4,,38,477,200,214,454,264,4,19,0.342312008978676,0.610549943883277,0.00448933782267116,0,0.042648709315376,0.108866442199776,0.866442199775533,0.00336700336700337,0.00112233445566779,0.0202020202020202,0.612685560053981,0.356275303643725,0.0310391363022942,0.535353535353535,0.224466891133558,0.240179573512907,891,891,0
4,11,1,1,923,207,13,364,734,7,5,35,722,247,176,518,341,0,10,0.317903930131004,0.641048034934498,0.00611353711790393,0.00436681222707424,0.0305676855895196,0.180786026200873,0.806113537117904,0.000873362445414847,0.000873362445414847,0.011353711790393,0.596087456846951,0.392405063291139,0.0115074798619102,0.63056768558952,0.215720524017467,0.153711790393013,1145,1145,0
4,12,1,5,910,281,11,419,734,6,9,40,680,305,223,506,373,0,13,0.346854304635762,0.607615894039735,0.00496688741721854,0.00745033112582781,0.033112582781457,0.232615894039735,0.753311258278146,0.00413907284768212,0.000827814569536424,0.00910596026490066,0.567264573991031,0.418161434977578,0.0145739910313901,0.562913907284768,0.252483443708609,0.184602649006623,1208,1208,0
5,1,,1,595,77,14,120,518,7,9,33,400,143,144,325,196,0,22,0.174672489082969,0.754002911208151,0.0101892285298399,0.0131004366812227,0.0480349344978166,0.112081513828239,0.86608442503639,0.00145560407569141,0,0.0203784570596798,0.598526703499079,0.360957642725599,0.0405156537753223,0.582241630276565,0.208151382823872,0.209606986899563,687,687,0
5,2,1,2,529,60,16,82,485,4,6,31,357,141,110,323,176,0,18,0.134868421052632,0.797697368421053,0.00657894736842105,0.00986842105263158,0.0509868421052632,0.0986842105263158,0.870065789473684,0.00328947368421053,0.00164473684210526,0.0263157894736842,0.624758220502901,0.340425531914894,0.034816247582205,0.587171052631579,0.231907894736842,0.180921052631579,608,608,0
5,3,,2,582,69,13,106,518,6,8,28,406,131,129,376,154,1,19,0.159159159159159,0.777777777777778,0.00900900900900901,0.012012012012012,0.042042042042042,0.103603603603604,0.873873873873874,0.003003003003003,0,0.0195195195195195,0.683636363636364,0.28,0.0363636363636364,0.60960960960961,0.196696696696697,0.193693693693694,666,666,0
5,4,,,612,82,8,124,559,,3,16,440,142,120,293,182,0,10,0.176638176638177,0.796296296296296,0,0.00427350427350427,0.0227920227920228,0.116809116809117,0.871794871794872,0,0,0.0113960113960114,0.604123711340206,0.375257731958763,0.0206185567010309,0.626780626780627,0.202279202279202,0.170940170940171,702,702,0
5,5,,3,510,63,13,107,461,4,1,16,381,113,95,349,136,0,14,0.181663837011885,0.782682512733446,0.0067911714770798,0.00169779286926995,0.0271646859083192,0.106960950764007,0.865874363327674,0.00509337860780985,0,0.0220713073005093,0.69939879759519,0.272545090180361,0.0280561122244489,0.646859083191851,0.191850594227504,0.161290322580645,589,589,0
5,6,,,656,161,6,191,604,1,2,25,497,190,136,337,224,0,5,0.232077764277035,0.733900364520049,0.00121506682867558,0.00243013365735115,0.0303766707168894,0.195625759416768,0.797083839611179,0,0,0.00729040097205346,0.595406360424028,0.395759717314488,0.0088339222614841,0.603888213851762,0.23086269744836,0.165249088699879,823,823,0
5,7,,,546,141,9,179,485,4,8,20,425,173,98,279,204,0,9,0.257183908045977,0.69683908045977,0.00574712643678161,0.0114942528735632,0.028735632183908,0.202586206896552,0.78448275862069,0,0,0.0129310344827586,0.567073170731707,0.414634146341463,0.0182926829268293,0.610632183908046,0.248563218390805,0.140804597701149,696,696,0
5,8,,,603,167,11,190,558,0,8,25,472,167,142,347,198,0,9,0.243277848911652,0.714468629961588,0,0.0102432778489117,0.0320102432778489,0.213828425096031,0.772087067861716,0,0,0.0140845070422535,0.626353790613718,0.357400722021661,0.0162454873646209,0.604353393085787,0.213828425096031,0.181818181818182,781,781,0
5,9,,,547,111,8,142,500,2,2,20,378,175,113,305,130,0,3,0.213213213213213,0.750750750750751,0.003003003003003,0.003003003003003,0.03003003003003,0.166666666666667,0.821321321321321,0,0,0.012012012012012,0.69634703196347,0.296803652968036,0.00684931506849315,0.567567567567568,0.262762762762763,0.16966966966967,666,666,0
6,1,1,,458,267,8,292,409,3,7,23,424,195,115,273,240,2,9,0.397820163487738,0.557220708446866,0.00408719346049046,0.00953678474114441,0.0313351498637602,0.363760217983651,0.623978201634877,0,0.00136239782016349,0.0108991825613079,0.520992366412214,0.458015267175573,0.0209923664122137,0.577656675749319,0.26566757493188,0.156675749318801,734,734,0
6,2,,1,629,176,14,209,573,4,3,31,497,169,154,388,262,0,33,0.254878048780488,0.698780487804878,0.00487804878048781,0.00365853658536585,0.0378048780487805,0.214634146341463,0.767073170731707,0.00121951219512195,0,0.0170731707317073,0.568081991215227,0.383601756954612,0.0483162518301611,0.60609756097561,0.20609756097561,0.18780487804878,820,820,0
6,3,1,1,685,111,12,186,587,3,6,28,531,171,108,391,262,1,13,0.22962962962963,0.724691358024691,0.0037037037037037,0.00740740740740741,0.0345679012345679,0.137037037037037,0.845679012345679,0.00123456790123457,0.00123456790123457,0.0148148148148148,0.586206896551724,0.3928035982009,0.0209895052473763,0.655555555555556,0.211111111111111,0.133333333333333,810,810,0
6,4,2,3,836,166,15,307,666,3,8,38,531,327,164,342,396,4,13,0.300391389432485,0.651663405088063,0.00293542074363992,0.00782778864970646,0.0371819960861057,0.162426614481409,0.818003913894325,0.00293542074363992,0.00195694716242661,0.0146771037181996,0.452980132450331,0.524503311258278,0.0225165562913907,0.519569471624266,0.319960861056751,0.160469667318982,1022,1022,0
6,5,3,,789,355,15,467,660,3,8,24,652,326,184,440,387,3,12,0.401893287435456,0.567986230636833,0.00258175559380379,0.00688468158347676,0.0206540447504303,0.305507745266781,0.679001721170396,0,0.00258175559380379,0.0129087779690189,0.522565320665083,0.459619952494062,0.0178147268408551,0.561101549053356,0.280550774526678,0.158347676419966,1162,1162,0
6,6,1,,756,149,12,234,636,3,14,31,552,218,148,447,255,1,19,0.254901960784314,0.69281045751634,0.00326797385620915,0.0152505446623094,0.0337690631808279,0.162309368191721,0.823529411764706,0,0.00108932461873638,0.0130718954248366,0.619113573407202,0.353185595567867,0.0277008310249307,0.601307189542484,0.237472766884532,0.161220043572985,918,918,0
6,7,,1,395,280,7,294,368,5,4,12,402,181,100,292,211,0,4,0.430453879941435,0.538799414348463,0.00732064421669107,0.00585651537335286,0.0175695461200586,0.4099560761347,0.578330893118594,0.00146412884333821,0,0.0102489019033675,0.575936883629191,0.416173570019724,0.00788954635108481,0.588579795021962,0.265007320644217,0.146412884333821,683,683,0
6,8,,1,256,459,8,469,238,4,8,5,335,274,115,258,237,1,9,0.647790055248619,0.328729281767956,0.00552486187845304,0.0110497237569061,0.0069060773480663,0.633977900552486,0.353591160220994,0.00138121546961326,0,0.0110497237569061,0.510891089108911,0.469306930693069,0.0198019801980198,0.462707182320442,0.378453038674033,0.158839779005525,724,724,0
6,9,2,1,423,560,4,583,376,6,5,20,490,343,157,352,363,0,11,0.588888888888889,0.37979797979798,0.00606060606060606,0.00505050505050505,0.0202020202020202,0.565656565656566,0.427272727272727,0.00101010101010101,0.00202020202020202,0.00404040404040404,0.484848484848485,0.5,0.0151515151515152,0.494949494949495,0.346464646464646,0.158585858585859,990,990,0
6,10,,1,708,382,15,473,599,3,7,24,619,332,155,335,432,0,6,0.427667269439421,0.541591320072333,0.0027124773960217,0.00632911392405063,0.0216998191681736,0.345388788426763,0.640144665461121,0.000904159132007233,0,0.0135623869801085,0.433376455368693,0.558861578266494,0.00776196636481242,0.559674502712477,0.300180831826401,0.140144665461121,1106,1106,0
7,1,,,558,185,4,246,480,,5,16,438,204,105,273,302,0,7,0.329317269076305,0.642570281124498,0,0.00669344042838019,0.0214190093708166,0.247657295850067,0.746987951807229,0,0,0.00535475234270415,0.469072164948454,0.518900343642612,0.0120274914089347,0.586345381526104,0.273092369477912,0.140562248995984,747,747,0
7,2,,1,553,274,6,329,484,2,5,14,440,300,94,257,340,1,6,0.394484412470024,0.580335731414868,0.00239808153477218,0.00599520383693046,0.0167865707434053,0.328537170263789,0.663069544364508,0.00119904076738609,0,0.00719424460431655,0.425496688741722,0.562913907284768,0.0115894039735099,0.52757793764988,0.359712230215827,0.112709832134293,834,834,0
7,3,1,,577,329,10,381,499,3,7,27,502,304,111,285,371,0,7,0.415485278080698,0.544165757906216,0.00327153762268266,0.00763358778625954,0.0294438386041439,0.358778625954198,0.629225736095965,0,0.00109051254089422,0.0109051254089422,0.429864253393665,0.559577677224736,0.0105580693815988,0.547437295528899,0.331515812431843,0.121046892039258,917,917,0
7,4,1,,581,236,8,279,519,6,7,15,498,222,106,267,274,1,5,0.337772397094431,0.628329297820823,0.00726392251815981,0.00847457627118644,0.0181598062953995,0.285714285714286,0.703389830508475,0,0.00121065375302663,0.00968523002421308,0.488117001828154,0.50091407678245,0.0109689213893967,0.602905569007264,0.268765133171913,0.128329297820823,826,826,0
7,5,,1,502,334,10,361,458,2,11,15,477,215,155,266,270,2,4,0.426210153482881,0.54073199527745,0.00236127508854782,0.012987012987013,0.0177095631641086,0.394332939787485,0.592680047225502,0.00118063754427391,0,0.0118063754427391,0.490774907749077,0.498154981549815,0.011070110701107,0.563164108618654,0.25383707201889,0.182998819362456,847,847,0
7,6,1,1,673,180,8,260,579,,7,17,484,241,138,350,236,0,8,0.301274623406721,0.670915411355736,0,0.00811123986095017,0.0196987253765933,0.208574739281576,0.779837775202781,0.00115874855156431,0.00115874855156431,0.00926998841251448,0.589225589225589,0.397306397306397,0.0134680134680135,0.560834298957126,0.279258400926999,0.159907300115875,863,863,0
7,7,,4,725,487,4,652,521,7,9,31,588,501,131,339,339,1,8,0.534426229508197,0.427049180327869,0.00573770491803279,0.00737704918032787,0.0254098360655738,0.399180327868852,0.594262295081967,0.00327868852459016,0,0.00327868852459016,0.493449781659389,0.493449781659389,0.0131004366812227,0.481967213114754,0.410655737704918,0.107377049180328,1220,1220,0
7,8,1,,869,397,5,479,754,3,8,28,775,342,155,492,492,0,4,0.376572327044025,0.592767295597484,0.00235849056603774,0.00628930817610063,0.0220125786163522,0.312106918238994,0.683176100628931,0,0.000786163522012579,0.00393081761006289,0.497975708502024,0.497975708502024,0.00404858299595142,0.609276729559748,0.268867924528302,0.12185534591195,1272,1272,0
7,9,,1,654,335,4,433,532,3,10,16,545,350,99,312,312,0,9,0.435613682092555,0.535211267605634,0.00301810865191147,0.0100603621730382,0.0160965794768612,0.337022132796781,0.6579476861167,0.00100603621730382,0,0.00402414486921529,0.492890995260663,0.492890995260663,0.014218009478673,0.548289738430583,0.352112676056338,0.0995975855130785,994,994,0
7,10,,1,711,373,5,443,621,5,5,16,645,320,125,372,372,0,4,0.406422018348624,0.569724770642202,0.00458715596330275,0.00458715596330275,0.0146788990825688,0.342201834862385,0.652293577981651,0.00091743119266055,0,0.00458715596330275,0.497326203208556,0.497326203208556,0.0053475935828877,0.591743119266055,0.293577981651376,0.114678899082569,1090,1090,0
7,11,,,680,267,3,330,592,,6,22,580,249,121,387,387,1,5,0.347368421052632,0.623157894736842,0,0.00631578947368421,0.0231578947368421,0.281052631578947,0.715789473684211,0,0,0.00315789473684211,0.496153846153846,0.496153846153846,0.00769230769230769,0.610526315789474,0.262105263157895,0.127368421052632,950,950,0
8,1,,1,470,251,15,278,436,4,3,16,409,198,130,242,225,1,7,0.377204884667571,0.591587516960651,0.00542740841248304,0.00407055630936228,0.0217096336499322,0.340569877883311,0.637720488466757,0.00135685210312076,0,0.0203527815468114,0.509473684210526,0.473684210526316,0.0168421052631579,0.554952510176391,0.26865671641791,0.176390773405699,737,737,0
8,2,,2,472,157,15,191,429,1,9,16,388,142,116,241,141,1,8,0.295665634674923,0.664086687306502,0.00154798761609907,0.0139318885448916,0.0247678018575851,0.243034055727554,0.730650154798762,0.00309597523219814,0,0.0232198142414861,0.616368286445013,0.360613810741688,0.0230179028132992,0.60061919504644,0.219814241486068,0.179566563467492,646,646,0
8,3,,,465,121,4,148,420,1,4,17,368,126,96,209,162,0,4,0.250847457627119,0.711864406779661,0.00169491525423729,0.00677966101694915,0.0288135593220339,0.205084745762712,0.788135593220339,0,0,0.00677966101694915,0.557333333333333,0.432,0.0106666666666667,0.623728813559322,0.213559322033898,0.16271186440678,590,590,0
8,4,,,469,161,11,192,423,2,2,22,392,160,89,267,181,0,7,0.299531981279251,0.65990639625585,0.0031201248049922,0.0031201248049922,0.0343213728549142,0.251170046801872,0.731669266770671,0,0,0.0171606864274571,0.586813186813187,0.397802197802198,0.0153846153846154,0.611544461778471,0.249609984399376,0.138845553822153,641,641,0
8,5,,1,526,184,13,221,475,4,4,20,401,213,110,241,249,1,6,0.30524861878453,0.656077348066298,0.00552486187845304,0.00552486187845304,0.0276243093922652,0.25414364640884,0.726519337016575,0.00138121546961326,0,0.0179558011049724,0.484909456740443,0.501006036217304,0.0140845070422535,0.553867403314917,0.294198895027624,0.151933701657459,724,724,0
8,6,,1,509,164,6,249,408,4,5,14,375,209,96,228,243,1,6,0.366176470588235,0.6,0.00588235294117647,0.00735294117647059,0.0205882352941176,0.241176470588235,0.748529411764706,0.00147058823529412,0,0.00882352941176471,0.476987447698745,0.50836820083682,0.0146443514644351,0.551470588235294,0.307352941176471,0.141176470588235,680,680,0
8,7,1,,483,202,9,228,437,2,7,21,392,193,110,240,195,2,6,0.328057553956835,0.628776978417266,0.00287769784172662,0.0100719424460432,0.0302158273381295,0.290647482014388,0.694964028776978,0,0.00143884892086331,0.0129496402877698,0.54176072234763,0.440180586907449,0.018058690744921,0.564028776978417,0.277697841726619,0.158273381294964,695,695,0
8,8,1,1,510,275,9,326,441,4,3,22,435,254,107,244,282,0,6,0.409547738693467,0.554020100502513,0.0050251256281407,0.00376884422110553,0.0276381909547739,0.345477386934673,0.64070351758794,0.00125628140703518,0.00125628140703518,0.0113065326633166,0.458646616541353,0.530075187969925,0.0112781954887218,0.546482412060301,0.319095477386935,0.134422110552764,796,796,0
9,1,,1,443,172,14,195,413,1,1,20,317,188,125,194,223,1,5,0.30952380952381,0.655555555555556,0.00158730158730159,0.00158730158730159,0.0317460317460317,0.273015873015873,0.703174603174603,0.00158730158730159,0,0.0222222222222222,0.458628841607565,0.527186761229314,0.0141843971631206,0.503174603174603,0.298412698412698,0.198412698412698,630,630,0
9,2,,,389,188,13,203,358,1,6,22,299,181,110,206,199,0,7,0.344067796610169,0.606779661016949,0.00169491525423729,0.0101694915254237,0.0372881355932203,0.31864406779661,0.659322033898305,0,0,0.0220338983050847,0.5,0.483009708737864,0.0169902912621359,0.506779661016949,0.306779661016949,0.186440677966102,590,590,0
9,3,2,1,454,236,6,243,422,3,4,27,394,165,140,262,194,0,5,0.347639484978541,0.603719599427754,0.00429184549356223,0.00572246065808298,0.0386266094420601,0.337625178826896,0.649499284692418,0.00143061516452074,0.00286123032904149,0.00858369098712446,0.568329718004338,0.420824295010846,0.0108459869848156,0.563662374821173,0.236051502145923,0.200286123032904,699,699,0
9,4,1,1,413,270,14,302,368,1,9,19,383,157,159,219,202,1,4,0.432045779685265,0.526466380543634,0.00143061516452074,0.0128755364806867,0.0271816881258941,0.386266094420601,0.590844062947067,0.00143061516452074,0.00143061516452074,0.0200286123032904,0.514084507042254,0.474178403755869,0.0117370892018779,0.547925608011445,0.224606580829757,0.227467811158798,699,699,0
9,5,,1,422,288,15,317,373,1,8,27,354,222,150,225,205,1,2,0.4366391184573,0.513774104683196,0.00137741046831956,0.0110192837465565,0.0371900826446281,0.396694214876033,0.581267217630854,0.00137741046831956,0,0.0206611570247934,0.519630484988453,0.473441108545035,0.0069284064665127,0.487603305785124,0.305785123966942,0.206611570247934,726,726,0
9,6,1,,544,333,6,426,427,6,3,22,378,394,112,204,468,0,4,0.481900452488688,0.483031674208145,0.00678733031674208,0.00339366515837104,0.0248868778280543,0.376696832579186,0.615384615384615,0,0.00113122171945701,0.00678733031674208,0.301775147928994,0.692307692307692,0.00591715976331361,0.427601809954751,0.445701357466063,0.126696832579186,884,884,0
9,7,1,,625,327,11,429,501,5,7,22,494,339,131,263,442,0,7,0.445020746887967,0.519709543568465,0.00518672199170124,0.00726141078838174,0.0228215767634855,0.339211618257261,0.648340248962656,0,0.00103734439834025,0.0114107883817427,0.36938202247191,0.620786516853933,0.0098314606741573,0.512448132780083,0.351659751037344,0.135892116182573,964,964,0
9,8,2,6,612,432,10,580,442,4,10,26,429,487,146,247,572,0,7,0.546139359698682,0.416195856873823,0.00376647834274953,0.00941619585687382,0.0244821092278719,0.406779661016949,0.576271186440678,0.00564971751412429,0.00188323917137476,0.00941619585687382,0.299031476997579,0.692493946731235,0.00847457627118644,0.403954802259887,0.458568738229755,0.137476459510358,1062,1062,0
9,9,1,1,564,400,13,545,383,2,11,38,361,497,121,200,582,0,3,0.556690500510725,0.391215526046987,0.00204290091930541,0.0112359550561798,0.0388151174668029,0.408580183861083,0.576098059244127,0.00102145045965271,0.00102145045965271,0.0132788559754852,0.254777070063694,0.74140127388535,0.00382165605095541,0.368743615934627,0.507660878447395,0.123595505617978,979,979,0
9,10,,,551,491,3,618,408,1,5,13,475,462,108,239,565,0,13,0.591387559808612,0.390430622009569,0.000956937799043062,0.00478468899521531,0.0124401913875598,0.469856459330144,0.527272727272727,0,0,0.00287081339712919,0.292533659730722,0.69155446756426,0.0159118727050184,0.454545454545455,0.442105263157895,0.103349282296651,1045,1045,0
9,11,1,,497,375,9,552,284,3,3,40,315,456,111,154,549,1,7,0.625850340136054,0.321995464852608,0.00340136054421769,0.00340136054421769,0.0453514739229025,0.425170068027211,0.563492063492063,0,0.00113378684807256,0.0102040816326531,0.216596343178622,0.772151898734177,0.0112517580872011,0.357142857142857,0.517006802721088,0.125850340136054,882,882,0
10,1,1,2,415,411,6,450,363,1,6,15,352,366,117,163,372,0,3,0.538922155688623,0.434730538922156,0.00119760479041916,0.00718562874251497,0.0179640718562874,0.492215568862275,0.497005988023952,0.00239520958083832,0.00119760479041916,0.00718562874251497,0.302973977695167,0.691449814126394,0.00557620817843866,0.421556886227545,0.438323353293413,0.140119760479042,835,835,0
10,2,,2,331,411,5,451,270,3,5,20,274,349,126,177,330,1,8,0.602136181575434,0.360480640854473,0.00400534045393859,0.00667556742323098,0.0267022696929239,0.548731642189586,0.441922563417891,0.00267022696929239,0,0.00667556742323098,0.343023255813953,0.63953488372093,0.0174418604651163,0.365821094793057,0.465954606141522,0.168224299065421,749,749,0
10,3,,,374,317,5,343,324,2,7,20,307,288,101,160,309,1,5,0.492816091954023,0.46551724137931,0.0028735632183908,0.0100574712643678,0.028735632183908,0.455459770114943,0.53735632183908,0,0,0.00718390804597701,0.336842105263158,0.650526315789474,0.0126315789473684,0.441091954022988,0.413793103448276,0.145114942528736,696,696,0
10,4,1,3,444,282,9,318,385,9,8,19,336,290,113,196,262,1,3,0.430311231393775,0.520974289580514,0.0121786197564276,0.0108254397834912,0.0257104194857916,0.381596752368065,0.600811907983762,0.0040595399188092,0.0013531799729364,0.0121786197564276,0.424242424242424,0.567099567099567,0.00865800865800866,0.454668470906631,0.392422192151556,0.152909336941813,739,739,0
10,5,,,455,245,13,294,398,2,3,16,384,193,136,232,215,0,8,0.41234221598878,0.55820476858345,0.00280504908835905,0.00420757363253857,0.0224403927068724,0.343618513323983,0.638148667601683,0,0,0.0182328190743338,0.50989010989011,0.472527472527472,0.0175824175824176,0.538569424964937,0.270687237026648,0.190743338008415,713,713,0
10,6,1,1,461,352,37,461,355,3,7,26,357,364,131,192,397,0,7,0.541079812206573,0.416666666666667,0.00352112676056338,0.00821596244131455,0.0305164319248826,0.413145539906103,0.541079812206573,0.00117370892018779,0.00117370892018779,0.0434272300469484,0.322147651006711,0.666107382550335,0.011744966442953,0.419014084507042,0.427230046948357,0.153755868544601,852,852,0
10,7,1,1,496,472,5,603,348,,22,2,344,501,130,157,522,0,7,0.618461538461539,0.356923076923077,0,0.0225641025641026,0.00205128205128205,0.484102564102564,0.508717948717949,0.00102564102564103,0.00102564102564103,0.00512820512820513,0.228862973760933,0.760932944606414,0.0102040816326531,0.352820512820513,0.513846153846154,0.133333333333333,975,975,0
10,8,,1,537,714,8,889,336,5,5,25,392,742,126,208,786,0,3,0.705555555555556,0.266666666666667,0.00396825396825397,0.00396825396825397,0.0198412698412698,0.566666666666667,0.426190476190476,0.000793650793650794,0,0.00634920634920635,0.208625877632899,0.788365095285857,0.00300902708124373,0.311111111111111,0.588888888888889,0.1,1260,1260,0
10,9,,1,530,470,6,630,332,2,7,36,364,517,126,181,628,0,6,0.625620655412115,0.329692154915591,0.00198609731876862,0.00695134061569017,0.0357497517378352,0.466732869910626,0.526315789473684,0.00099304865938431,0,0.00595829195630586,0.222085889570552,0.770552147239264,0.00736196319018405,0.361469712015889,0.513406156901688,0.125124131082423,1007,1007,0
10,10,,1,523,511,1,617,387,3,3,26,442,498,96,206,548,0,4,0.595559845559846,0.373552123552124,0.0028957528957529,0.0028957528957529,0.0250965250965251,0.493243243243243,0.504826254826255,0.000965250965250965,0,0.000965250965250965,0.271767810026385,0.722955145118733,0.00527704485488127,0.426640926640927,0.480694980694981,0.0926640926640927,1036,1036,0
10,11,,1,653,633,7,797,458,4,10,25,547,607,140,268,708,1,10,0.615919629057187,0.353941267387944,0.00309119010819165,0.00772797527047913,0.0193199381761978,0.489180834621329,0.504636785162287,0.000772797527047913,0,0.00540958268933539,0.271529888551165,0.717325227963526,0.011144883485309,0.422720247295209,0.469088098918083,0.108191653786708,1294,1294,0
